Part Number,Category,Bin Model,Rings,Weight (lbs),Weight (kg),Capacity (bu),Capacity (tons),Diameter (ft),Diameter (m),Eave Height (ft),Eave Height (m),Peak Height (ft),Peak Height (m),Roof Angle (degrees),Corrugation,Bottom
232005,Commercial,Model 1513 Wide-Corr Centurion Bin,13,7500,3400,7310,198,15,4.572,47.8,14.58,51.8,15.8,28.08809532,Wide,Flat
232006,Commercial,Model 1514 Wide-Corr Centurion Bin,14,8100,3700,7860,213,15,4.572,51.5,15.7,55.5,16.92,28.08809532,Wide,Flat
232015,Commercial,Model 1813 Wide-Corr Centurion Bin,13,8500,4050,10510,287,18,5.4864,47.8,14.58,52.6,16.06,28.34756685,Wide,Flat
232016,Commercial,Model 1814 Wide-Corr Centurion Bin,14,9700,4400,11370,308,18,5.4864,51.5,15.7,56.4,17.18,28.34756685,Wide,Flat
232025,Commercial,Model 2113 Wide-Corr Centurion Bin,13,10700,4850,14480,393,21,6.4008,47.8,14.58,53.6,16.33,28.67013178,Wide,Flat
232026,Commercial,Model 2114 Wide-Corr Centurion Bin,14,11600,5250,15550,422,21,6.4008,51.5,15.7,57.2,17.44,28.53213123,Wide,Flat
232035,Commercial,Model 2413 Wide-Corr Centurion Bin,13,12800,5800,19010,516,24,7.3152,47.8,14.58,54.4,16.59,28.79058487,Wide,Flat
232036,Commercial,Model 2414 Wide-Corr Centurion Bin,14,14100,6400,20410,553,24,7.3152,51.5,15.7,58.1,17.71,28.79058487,Wide,Flat
232037,Commercial,Model 2415 Wide-Corr Centurion Bin,15,15400,7000,21800,591,24,7.3152,55.2,16.82,61.8,18.82,28.67013178,Wide,Flat
232038,Commercial,Model 2416 Wide-Corr Centurion Bin,16,16800,7650,23200,629,24,7.3152,58.8,17.93,65.4,19.94,28.79058487,Wide,Flat
232039,Commercial,Model 2417 Wide-Corr Centurion Bin,17,18200,8250,24600,667,24,7.3152,62.5,19.05,69.1,21.06,28.79058487,Wide,Flat
232040,Commercial,Model 2418 Wide-Corr Centurion Bin,18,20200,9150,26000,705,24,7.3152,66.2,20.17,72.8,22.18,28.79058487,Wide,Flat
232050,Commercial,Model 2713 Wide-Corr Centurion Bin,13,15300,6950,24180,856,27,8.2296,47.8,14.58,55.3,16.85,28.88407863,Wide,Flat
232051,Commercial,Model 2714 Wide-Corr Centurion Bin,14,17400,7900,25950,704,27,8.2296,51.5,15.7,59,17.97,28.88407863,Wide,Flat
232052,Commercial,Model 2715 Wide-Corr Centurion Bin,15,18400,8350,27720,752,27,8.2296,55.2,16.82,62.6,19.09,28.88407863,Wide,Flat
232053,Commercial,Model 2716 Wide-Corr Centurion Bin,16,19900,9200,29310,800,27,8.2296,58.8,17.93,66.2,20.2,28.88407863,Wide,Flat
232054,Commercial,Model 2717 Wide-Corr Centurion Bin,17,22300,10100,31260,848,27,8.2296,62.5,19.05,70,21.32,28.88407863,Wide,Flat
232055,Commercial,Model 2718 Wide-Corr Centurion Bin,18,24600,11150,33040,896,27,8.2296,66.2,20.17,73.6,22.45,28.9907229,Wide,Flat
232065,Commercial,Model 3013 Wide-Corr Centurion Bin,13,17100,7750,30000,814,30,9.144,47.8,14.58,55.7,16.98,27.69652549,Wide,Flat
232066,Commercial,Model 3014 Wide-Corr Centurion Bin,14,18800,8550,32180,873,30,9.144,51.5,15.7,59.4,18.09,27.59819063,Wide,Flat
232067,Commercial,Model 3015 Wide-Corr Centurion Bin,15,21400,9700,34370,932,30,9.144,55.2,16.82,63,19.21,27.59819063,Wide,Flat
232068,Commercial,Model 3016 Wide-Corr Centurion Bin,16,24600,11150,36550,991,30,9.144,58.8,17.93,66.7,20.33,27.69652549,Wide,Flat
232069,Commercial,Model 3017 Wide-Corr Centurion Bin,17,26300,12000,38740,1051,30,9.144,62.5,19.05,70.4,21.45,27.69652549,Wide,Flat
232070,Commercial,Model 3018 Wide-Corr Centurion Bin,18,28900,13150,40930,1110,30,9.144,66.2,20.17,74,22.57,27.69652549,Wide,Flat
232071,Commercial,Model 3019 Wide-Corr Centurion Bin,19,30900,14000,43120,1170,30,9.144,69.9,21.29,77.7,23.69,27.69652549,Wide,Flat
232072,Commercial,Model 3020 Wide-Corr Centurion Bin,20,33500,15200,45300,1229,30,9.144,73.5,22.41,81.4,24.8,27.59819063,Wide,Flat
232085,Commercial,Model 3313 Wide-Corr Centurion Bin,13,19000,8600,36470,989,33,10.0584,47.8,14.58,56.6,17.24,27.87486295,Wide,Flat
232086,Commercial,Model 3314 Wide-Corr Centurion Bin,14,20900,9450,39120,1061,33,10.0584,51.5,15.7,60.2,18.36,27.87486295,Wide,Flat
232087,Commercial,Model 3315 Wide-Corr Centurion Bin,15,23800,10800,41760,1133,33,10.0584,55.2,16.82,63.9,19.47,27.78576735,Wide,Flat
232088,Commercial,Model 3316 Wide-Corr Centurion Bin,16,27400,12400,44410,1204,33,10.0584,58.8,17.93,67.6,20.59,27.87486295,Wide,Flat
232089,Commercial,Model 3317 Wide-Corr Centurion Bin,17,31200,14150,47070,1277,33,10.0584,62.5,19.06,71.2,21.71,27.78576735,Wide,Flat
232090,Commercial,Model 3318 Wide-Corr Centurion Bin,18,33500,15200,49710,1348,33,10.0584,66.2,20.17,74.9,22.83,27.87486295,Wide,Flat
232091,Commercial,Model 3319 Wide-Corr Centurion Bin,19,36200,16450,52350,1420,33,10.0584,69.9,21.29,78.6,23.95,27.87486295,Wide,Flat
232092,Commercial,Model 3320 Wide-Corr Centurion Bin,20,39900,18100,55000,1492,33,10.0584,73.5,22.41,82.2,25.07,27.87486295,Wide,Flat
232093,Commercial,Model 3321 Wide-Corr Centurion Bin,21,43300,19650,57640,1563,33,10.0584,77.2,23.53,85.9,26.19,27.87486295,Wide,Flat
232094,Commercial,Model 3322 Wide-Corr Centurion Bin,22,47000,21350,60290,1635,33,10.0584,80.9,24.65,89.6,27.3,27.78576735,Wide,Flat
232095,Commercial,Model 3323 Wide-Corr Centurion Bin,23,50100,22700,62930,1707,33,10.0584,84.5,25.76,93.2,28.42,27.87486295,Wide,Flat
232105,Commercial,Model 3613 Wide-Corr Centurion Bin,13,21300,9650,13620,1183,36,10.9728,47.8,14.58,57.4,17.5,28.02303046,Wide,Flat
232106,Commercial,Model 3614 Wide-Corr Centurion Bin,14,23300,10550,46770,1269,36,10.9728,51.5,15.7,61.1,18.62,28.02303046,Wide,Flat
232107,Commercial,Model 3615 Wide-Corr Centurion Bin,15,26000,11800,49910,1354,36,10.9728,55.2,16.82,64.7,19.74,28.02303046,Wide,Flat
232108,Commercial,Model 3616 Wide-Corr Centurion Bin,16,29200,13250,53060,1439,36,10.9728,58.8,17.93,68.4,20.85,28.02303046,Wide,Flat
232109,Commercial,Model 3617 Wide-Corr Centurion Bin,17,33100,15000,56210,1525,36,10.9728,62.5,19.05,72.1,21.97,28.02303046,Wide,Flat
232110,Commercial,Model 3618 Wide-Corr Centurion Bin,18,38500,17450,59370,1610,36,10.9728,66.2,20.17,75.8,23.09,28.02303046,Wide,Flat
232111,Commercial,Model 3619 Wide-Corr Centurion Bin,19,43400,19650,62520,1696,36,10.9728,69.9,21.29,79.4,24.21,28.02303046,Wide,Flat
232112,Commercial,Model 3620 Wide-Corr Centurion Bin,20,46700,21200,65670,1781,36,10.9728,73.5,22.41,83.1,25.33,28.02303046,Wide,Flat
232113,Commercial,Model 3621 Wide-Corr Centurion Bin,21,51100,23150,68810,1866,36,10.9728,77.2,23.53,86.8,26.45,28.02303046,Wide,Flat
232114,Commercial,Model 3622 Wide-Corr Centurion Bin,22,54100,24550,71960,1952,36,10.9728,80.9,24.65,90.4,27.57,28.02303046,Wide,Flat
232115,Commercial,Model 3623 Wide-Corr Centurion Bin,23,58600,26600,75110,2037,36,10.9728,84.5,25.76,94.1,28.68,28.02303046,Wide,Flat
232125,Commercial,Model 4213 Wide-Corr Centurion Bin,13,28100,12750,59960,1626,42,12.8016,47.8,14.58,59.1,18.03,28.32445102,Wide,Flat
232126,Commercial,Model 4214 Wide-Corr Centurion Bin,14,30500,13800,64240,1742,42,12.8016,51.5,15.7,62.8,19.14,28.25504322,Wide,Flat
232127,Commercial,Model 4215 Wide-Corr Centurion Bin,15,33100,15050,68520,1859,42,12.8016,55.2,16.82,66.5,20.26,28.25504322,Wide,Flat
232128,Commercial,Model 4216 Wide-Corr Centurion Bin,16,35500,16100,72810,1975,42,12.8016,58.8,17.93,70.1,21.38,28.32445102,Wide,Flat
232129,Commercial,Model 4217 Wide-Corr Centurion Bin,17,38800,17600,77090,2091,42,12.8016,62.5,19.05,73.8,22.5,28.32445102,Wide,Flat
232130,Commercial,Model 4218 Wide-Corr Centurion Bin,18,45250,20500,81370,2207,42,12.8016,66.2,20.17,77.5,23.61,28.25504322,Wide,Flat
232131,Commercial,Model 4219 Wide-Corr Centurion Bin,19,50200,22750,85680,2324,42,12.8016,69.9,21.29,81.2,24.74,28.32445102,Wide,Flat
232132,Commercial,Model 4220 Wide-Corr Centurion Bin,20,57700,26200,89960,2440,42,12.8016,73.5,22.41,84.8,25.86,28.32445102,Wide,Flat
232133,Commercial,Model 4221 Wide-Corr Centurion Bin,21,65900,29900,94240,2556,42,12.8016,77.2,23.53,88.5,26.97,28.25504322,Wide,Flat
232134,Commercial,Model 4222 Wide-Corr Centurion Bin,22,72100,32700,98530,2672,42,12.8016,80.9,24.65,92.2,28.09,28.25504322,Wide,Flat
232135,Commercial,Model 4223 Wide-Corr Centurion Bin,23,77300,35050,102810,2789,42,12.8016,84.5,25.76,95.8,29.21,28.32445102,Wide,Flat
232145,Commercial,Model 4813 Wide-Corr Centurion Bin,13,35000,15900,79070,2145,48,14.6304,47.8,14.58,60.9,18.55,28.48893174,Wide,Flat
232146,Commercial,Model 4814 Wide-Corr Centurion Bin,14,38100,17250,84670,2296,48,14.6304,51.5,15.7,64.5,19.67,28.48893174,Wide,Flat
232147,Commercial,Model 4815 Wide-Corr Centurion Bin,15,41700,18900,90260,2448,48,14.6304,55.2,16.82,68.2,20.79,28.48893174,Wide,Flat
232148,Commercial,Model 4816 Wide-Corr Centurion Bin,16,45300,20550,95850,2600,48,14.6304,58.8,17.93,71.9,21.9,28.48893174,Wide,Flat
232149,Commercial,Model 4817 Wide-Corr Centurion Bin,17,49200,22300,101450,2752,48,14.6304,62.5,19.05,75.5,23.02,28.48893174,Wide,Flat
232150,Commercial,Model 4818 Wide-Corr Centurion Bin,18,53600,24300,107040,2903,48,14.6304,66.2,20.17,79.2,24.14,28.48893174,Wide,Flat
232151,Commercial,Model 4819 Wide-Corr Centurion Bin,19,58500,26550,112670,3056,48,14.6304,69.9,21.29,82.9,25.26,28.48893174,Wide,Flat
232152,Commercial,Model 4820 Wide-Corr Centurion Bin,20,63900,29000,118260,3208,48,14.6304,73.5,22.41,86.5,26.38,28.48893174,Wide,Flat
232153,Commercial,Model 4821 Wide-Corr Centurion Bin,21,72300,32800,123860,3359,48,14.6304,77.2,23.53,90.2,27.5,28.48893174,Wide,Flat
232154,Commercial,Model 4822 Wide-Corr Centurion Bin,22,82300,37300,129450,3511,48,14.6304,80.9,24.65,93.9,28.62,28.48893174,Wide,Flat
232155,Commercial,Model 4823 Wide-Corr Centurion Bin,23,92900,42150,135040,3663,48,14.6304,84.5,25.76,97.5,29.73,28.48893174,Wide,Flat
232161,Commercial,Model 5409 Wide-Corr Centurion Bin STRUCTURED ROOF,09,34700,15700,72290,1961,54,16.4592,33.2,10.11,47.7,14.55,28.34756685,Wide,Flat
232161,Commercial,Model 5409 Wide-Corr Centurion Bin UNSTRUCTURED ROOF,09,29600,13400,72720,4972,54,16.4592,33.2,10.11,47.7,14.55,28.34756685,Wide,Flat
232162,Commercial,Model 5410 Wide-Corr Centurion Bin STRUCTURED ROOF,10,38200,17350,79370,2153,54,16.4592,36.8,11.23,51.4,15.66,28.29361428,Wide,Flat
232162,Commercial,Model 5410 Wide-Corr Centurion Bin UNSTRUCTURED ROOF,10,33100,15000,79800,2164,54,16.4592,36.8,11.23,51.4,15.66,28.29361428,Wide,Flat
232163,Commercial,Model 5411 Wide-Corr Centurion Bin UNSTRUCTURED ROOF,11,36700,16650,86880,2356,54,16.4592,40.5,12.35,55.1,16.78,28.29361428,Wide,Flat
232163,Commercial,Model 5411 Wide-Corr Centurion Bin STRUCTURED ROOF,11,41800,18950,86450,2345,54,16.4592,40.5,12.35,55.1,16.78,28.29361428,Wide,Flat
232164,Commercial,Model 5412 Wide-Corr Centurion Bin STRUCTURED ROOF,12,45400,20600,93530,2537,54,16.4592,44.2,13.46,58.7,17.9,28.34756685,Wide,Flat
232164,Commercial,Model 5412 Wide-Corr Centurion Bin UNSTRUCTURED ROOF,12,40300,18250,93960,2549,54,16.4592,44.2,13.46,58.7,17.9,28.34756685,Wide,Flat
232165,Commercial,Model 5413 Wide-Corr Centurion Bin UNSTRUCTURED ROOF,13,43900,19900,101040,2741,54,16.4592,47.8,14.58,62.4,19.02,28.34756685,Wide,Flat
232165,Commercial,Model 5413 Wide-Corr Centurion Bin STRUCTURED ROOF,13,49000,22200,100610,2729,54,16.4592,47.8,14.58,62.4,19.02,28.34756685,Wide,Flat
232166,Commercial,Model 5414 Wide-Corr Centurion Bin STRUCTURED ROOF,14,54100,24500,107700,2921,54,16.4592,51.5,15.7,66.1,20.13,28.29361428,Wide,Flat
232166,Commercial,Model 5414 Wide-Corr Centurion Bin UNSTRUCTURED ROOF,14,49000,22200,108120,2933,54,16.4592,51.5,15.7,66.1,20.13,28.29361428,Wide,Flat
232167,Commercial,Model 5415 Wide-Corr Centurion Bin STRUCTURED ROOF,15,58100,26350,114780,3113,54,16.4592,55.2,16.82,69.7,21.25,28.29361428,Wide,Flat
232167,Commercial,Model 5415 Wide-Corr Centurion Bin UNSTRUCTURED ROOF,15,53100,24050,115200,3125,54,16.4592,55.2,16.82,69.7,21.25,28.29361428,Wide,Flat
232168,Commercial,Model 5416 Wide-Corr Centurion Bin UNSTRUCTURED ROOF,16,57800,26250,1222860,3317,54,16.4592,58.8,17.93,73.4,22.37,28.34756685,Wide,Flat
232168,Commercial,Model 5416 Wide-Corr Centurion Bin STRUCTURED ROOF,16,62900,28550,121860,3305,54,16.4592,58.8,17.93,73.4,22.37,28.34756685,Wide,Flat
232169,Commercial,Model 5417 Wide-Corr Centurion Bin STRUCTURED ROOF,17,68600,31100,128940,3497,54,16.4592,62.5,19.05,77.1,23.49,28.34756685,Wide,Flat
232169,Commercial,Model 5417 Wide-Corr Centurion Bin UNSTRUCTURED ROOF,17,63400,28800,128940,3509,54,16.4592,62.5,19.05,77.1,23.49,28.34756685,Wide,Flat
232170,Commercial,Model 5418 Wide-Corr Centurion Bin STRUCTURED ROOF,18,74000,33550,136060,3690,54,16.4592,66.2,20.17,80.7,24.61,28.34756685,Wide,Flat
232170,Commercial,Model 5418 Wide-Corr Centurion Bin UNSTRUCTURED ROOF,18,68900,31250,136480,3702,54,16.4592,66.2,20.17,80.7,24.61,28.34756685,Wide,Flat
232171,Commercial,Model 5419 Wide-Corr Centurion Bin STRUCTURED ROOF,19,79000,35850,143140,3882,54,16.4592,69.9,21.29,84.4,25.73,28.34756685,Wide,Flat
232171,Commercial,Model 5419 Wide-Corr Centurion Bin UNSTRUCTURED ROOF,19,79000,33550,143140,3894,54,16.4592,69.9,21.29,84.4,25.73,28.34756685,Wide,Flat
232172,Commercial,Model 5420 Wide-Corr Centurion Bin UNSTRUCTURED ROOF,20,85100,36300,150220,4086,54,16.4592,73.5,22.41,88.1,26.85,28.34756685,Wide,Flat
232172,Commercial,Model 5420 Wide-Corr Centurion Bin STRUCTURED ROOF,20,85100,38600,150220,4074,54,16.4592,73.5,22.41,88.1,26.85,28.34756685,Wide,Flat
232173,Commercial,Model 5421 Wide-Corr Centurion Bin STRUCTURED ROOF,21,90700,41150,157300,4266,54,16.4592,77.2,23.53,91.7,27.96,28.29361428,Wide,Flat
232173,Commercial,Modle 5421 Wide-Corr Centurion Bin UNSTRUCTURED ROOF,21,85600,38850,157720,4278,54,16.4592,77.2,23.53,91.7,27.96,28.29361428,Wide,Flat
232174,Commercial,Model 5422 Wide-Corr Centurion Bin STRUCTURED ROOF,22,97500,44250,164380,4459,54,16.4592,80.9,24.65,95.4,29.08,28.29361428,Wide,Flat
232174,Commercial,Model 5422 Wide-Corr Centurion Bin UNSTRUCTURED ROOF,22,92500,41950,164800,4470,54,16.4592,80.9,24.65,95.4,29.08,28.29361428,Wide,Flat
232175,Commercial,Model 5423 Wide-Corr Centurion Bin STRUCTURED ROOF,23,107200,48600,171460,4651,54,16.4592,84.5,25.76,99.1,30.2,28.34756685,Wide,Flat
232175,Commercial,Model 5423 Wide-Corr Centurion Bin UNSTRUCTURED ROOF,23,102100,46300,171880,4662,54,16.4592,84.5,25.76,99.1,30.2,28.34756685,Wide,Flat
232181,Commercial,Model 6009 Wide-Corr Centurion Bin,09,40900,18550,90500,2455,60,18.288,33.2,10.11,50,15.24,29.29345456,Wide,Flat
232182,Commercial,Modle 6010 Wide-Corr Centurion Bin,10,44900,20400,99240,2692,60,18.288,36.8,11.23,53.7,16.36,29.29345456,Wide,Flat
232183,Commercial,Model 6011 Wide-Corr Centurion Bin,11,49500,22450,107980,2929,60,18.288,40.5,12.35,57.3,17.48,29.29345456,Wide,Flat
232184,Commercial,Model 6012 Wide-Corr Centurion Bin,12,54100,24550,116720,3166,60,18.288,44.2,13.46,61,16.6,18.95219354,Wide,Flat
232185,Commercial,Model 6013 Wide-Corr Centurion Bin,13,59700,27050,125460,3403,60,18.288,47.8,14.58,64.7,19.71,29.29345456,Wide,Flat
232186,Commercial,Model 6014 Wide-Corr Centurion Bin,14,64400,29200,134200,3640,60,18.288,51.5,15.7,68.3,20.83,29.29345456,Wide,Flat
232187,Commercial,Model 6015 Wide-Corr Centurion Bin,15,69900,31700,142940,3877,60,18.288,55.2,16.82,72,21.95,29.29345456,Wide,Flat
232188,Commercial,Model 6016 Wide-Corr Centurion Bin,16,76600,34700,151680,4114,60,18.288,58.8,17.93,75.7,23.07,29.34109122,Wide,Flat
232189,Commercial,Model 6017 Wide-Corr Centurion Bin,17,83100,37700,160420,4351,60,18.288,62.5,19.05,79.3,24.18,29.29345456,Wide,Flat
232190,Commercial,Model 6018 Wide-Corr Centurion Bin,18,88900,40300,169210,4590,60,18.288,62.2,20.17,83,25.31,29.34109122,Wide,Flat
232191,Commercial,Model 6019 Wide-Corr Centurion Bin,19,95200,43150,177960,4827,60,18.288,69.9,21.29,86.7,26.43,29.34109122,Wide,Flat
232192,Commercial,Modle 6020 Wide-Corr Centurion Bin,20,102500,46450,186700,5064,60,18.288,73.5,22.41,90.4,27.54,29.29345456,Wide,Flat
232193,Commercial,Model 6021 Wide-Corr Centurion Bin,21,109600,49700,19544,5301,60,18.288,77.2,23.53,94,28.66,29.29345456,Wide,Flat
232194,Commercial,Model 6022 Wide-Corr Centurion Bin,22,118100,53600,204180,5538,60,18.288,80.9,24.65,97.7,29.78,29.29345456,Wide,Flat
232195,Commercial,Model 6023 Wide-Corr Centurion Bin,23,126200,57250,212920,5775,60,18.288,84.5,25.76,101.4,30.91,29.3886834,Wide,Flat
232201,Commercial,Model 7209 Wide-Corr Centurion Bin,09,58500,26550,132460,3593,72,21.9456,33.2,10.11,53.5,16.29,29.3886834,Wide,Flat
232202,Commercial,Model 7210 Wide-Corr Centurion Bin,10,63900,29000,145050,3934,72,21.9456,36.8,11.23,57.1,17.41,29.3886834,Wide,Flat
232203,Commercial,Model 7211 Wide-Corr Centurion Bin,11,70100,31800,157630,4276,72,21.9456,40.5,12.35,60.8,18.53,29.3886834,Wide,Flat
232204,Commercial,Model 7212 Wide-Corr Centurion Bin,12,76700,34800,170220,4617,72,21.9456,44.2,13.46,64.5,19.65,29.42830956,Wide,Flat
232205,Commercial,Model 7213 Wide-Corr Centurion Bin,13,83800,38000,182810,4959,72,21.9456,47.8,14.58,68.1,20.76,29.3886834,Wide,Flat
232206,Commercial,Modle 7214 Wide-Corr Centurion Bin,14,90100,40850,195400,5300,72,21.9456,51.5,15.7,71.8,21.88,29.3886834,Wide,Flat
232207,Commercial,Model 7215 Wide-Corr Centurion Bin,15,99400,45100,207980,5641,72,21.9456,55.2,16.82,75.5,23,29.3886834,Wide,Flat
232208,Commercial,Model 7216 Wide-Corr Centurion Bin,16,109300,49600,220570,5983,72,21.9456,58.8,17.93,79.1,24.12,29.42830956,Wide,Flat
232209,Commercial,Model 7217 Wide-Corr Centurion Bin,17,118100,53550,233230,6326,72,21.9456,62.5,19.06,82.8,25.24,29.3886834,Wide,Flat
232210,Commercial,Model 7218 Wide-Corr Centurion Bin,18,126700,57450,245810,6667,72,21.9456,66.2,20.17,86.5,26.36,29.42830956,Wide,Flat
232211,Commercial,Model 7219 Wide-Corr Centurion Bin,19,136500,61900,258400,7009,72,21.9456,69.9,21.29,90.1,27.48,29.42830956,Wide,Flat
232212,Commercial,Model 7220 Wide-Corr Centurion Bin,20,147000,66650,270990,7350,72,21.9456,73.5,22.41,93.8,28.59,29.3886834,Wide,Flat
232213,Commercial,Model 7221 Wide-Corr Centurion Bin,21,159300,72250,283570,7692,72,21.9456,77.2,23.53,97.5,29.71,29.3886834,Wide,Flat
232214,Commercial,Model 7222 Wide-Corr Centurion Bin,22,169800,77000,296160,8033,72,21.9456,80.9,24.65,101.1,30.83,29.3886834,Wide,Flat
232215,Commercial,Model 7223 Wide-Corr Centurion Bin,23,183700,83300,308750,8375,72,21.9456,84.5,25.76,104.8,31.95,29.42830956,Wide,Flat
232221,Commercial,Model 7509 Wide-Corr Centurion Bin,09,62300,28250,146550,3975,75,22.86,33.2,10.11,54.6,16.64,29.73948266,Wide,Flat
232222,Commercial,Model 7510 Wide-Corr Centurion Bin,10,68300,31000,160200,4345,75,22.86,36.8,11.23,58.2,17.75,29.70167589,Wide,Flat
232223,Commercial,Model 7511 Wide-Corr Centurion Bin,11,75600,34250,173860,4716,75,22.86,40.5,12.35,61.9,18.87,29.70167589,Wide,Flat
232224,Commercial,Model 7512 Wide-Corr Centurion Bin,12,82200,37250,187520,5086,75,22.86,44.2,13.46,65.6,19.99,29.73948266,Wide,Flat
232225,Commercial,Model 7513 Wide-Corr Centurion Bin,13,89400,40550,201180,5457,75,22.86,47.8,14.58,69.2,21.11,29.73948266,Wide,Flat
232226,Commercial,Model 7514 Wide-Corr Centurion Bin,14,97200,44050,214830,5827,75,22.86,51.5,15.7,72.9,22.22,29.70167589,Wide,Flat
232227,Commercial,Model 7515 Wide-Corr Centurion Bin,15,106800,48450,228490,6198,75,22.86,55.2,16.82,76.6,23.34,29.70167589,Wide,Flat
232228,Commercial,Model 7516 Wide-Corr Centurion Bin,16,115000,52150,242150,6568,75,22.86,58.8,17.93,80.2,24.46,29.73948266,Wide,Flat
232229,Commercial,Model 7517 Wide-Corr Centurion Bin,17,126100,57200,255880,6941,75,22.86,62.5,19.06,83.9,25.58,29.70167589,Wide,Flat
232230,Commercial,Model 7518 Wide-Corr Centurion Bin,18,136000,61700,269540,7311,75,22.86,66.2,20.17,87.6,26.7,29.73948266,Wide,Flat
232231,Commercial,Model 7519 Wide-Corr Centurion Bin,19,147300,66800,283200,7682,75,22.86,69.9,21.29,91.3,27.82,29.73948266,Wide,Flat
232232,Commercial,Model 7520 Wide-Corr Centurion Bin,20,158300,71800,296860,8052,75,22.86,73.5,22.41,94.9,28.94,29.73948266,Wide,Flat
232233,Commercial,Model 7521 Wide-Corr Centurion Bin,21,172400,78150,310510,8422,75,22.86,77.2,23.53,98.6,30.05,29.70167589,Wide,Flat
232234,Commercial,Model 7522 Wide-Corr Centurion Bin,22,184800,83800,324170,8793,75,22.86,80.9,24.65,102.3,31.17,29.70167589,Wide,Flat
232235,Commercial,Model 7523 Wide-Corr Centurion Bin,23,199300,90400,337830,9163,75,22.86,84.5,25.76,105.9,32.29,29.73948266,Wide,Flat
232241,Commercial,Model 7809 Wide-Corr Centurion Bin,09,69800,31650,158020,4286,78,23.7744,33.2,10.11,55.2,16.82,29.44354217,Wide,Flat
232242,Commercial,Model 7810 Wide-Corr Centurion Bin,10,76200,34600,172790,4687,78,23.7744,36.8,11.23,58.8,17.94,29.44354217,Wide,Flat
232243,Commercial,Model 7811 Wide-Corr Centurion Bin,11,84200,38200,187560,5087,78,23.7744,40.5,12.35,62.5,19.05,29.40697624,Wide,Flat
232244,Commercial,Model 7812 Wide-Corr Centurion Bin,12,91100,41300,202330,5488,78,23.7744,44.2,13.46,66.2,20.17,29.44354217,Wide,Flat
232245,Commercial,Model 7813 Wide-Corr Centurion Bin,13,99900,45300,217100,5889,78,23.7744,47.8,14.58,69.8,21.29,29.44354217,Wide,Flat
232246,Commercial,Model 7814 Wide-Corr Centurion Bin,14,108300,49100,231880,6289,78,23.7744,51.5,15.7,73.5,22.41,29.44354217,Wide,Flat
232247,Commercial,Model 7815 Wide-Corr Centurion Bin,15,118400,53700,246650,6690,78,23.7744,55.2,16.82,77.2,23.53,29.44354217,Wide,Flat
232248,Commercial,Model 7816 Wide-Corr Centurion Bin,16,126800,57500,261420,7091,78,23.7744,58.8,17.93,80.8,24.64,29.44354217,Wide,Flat
232249,Commercial,Model 7817 Wide-Corr Centurion Bin,17,139600,63300,276280,7494,78,23.7744,62.5,19.06,84.5,25.77,29.44354217,Wide,Flat
232250,Commercial,Model 7818 Wide-Corr Centurion Bin,18,150000,68000,291050,7894,78,23.7744,66.2,20.17,88.2,26.88,29.44354217,Wide,Flat
232251,Commercial,Model 7819 Wide-Corr Centurion Bin,19,164100,74400,305820,8295,78,23.7744,69.9,21.29,91.9,28,29.44354217,Wide,Flat
232252,Commercial,Model 7820 Wide-Corr Centurion Bin,20,176000,79800,320590,8696,78,23.7744,73.5,22.41,95.5,29.12,29.44354217,Wide,Flat
232253,Commercial,Model 7821 Wide-Corr Centurion Bin,21,191800,86950,335360,9096,78,23.7744,77.2,23.53,99.2,30.24,29.44354217,Wide,Flat
232254,Commercial,Model 7822 Wide-Corr Centurion Bin,22,203700,91420,350140,9839,78,23.7744,80.9,24.64,102.9,31.42,29.6987665,Wide,Flat
232255,Commercial,Model 7823 Wide-Corr Centurion Bin,23,219700,99650,364910,9898,78,23.7744,84.5,25.76,106.8,32.47,29.44354217,Wide,Flat
232261,Commercial,Model 9009 Wide-Corr Centurion Bin,09,97600,44250,217200,5891,90,27.432,33.2,10.11,58.7,17.88,29.531193,Wide,Flat
232262,Commercial,Model 9010 Wide-Corr Centurion Bin,10,107800,48900,236870,6425,90,27.432,36.8,11.23,62.3,19,29.531193,Wide,Flat
232263,Commercial,Model 9011 Wide-Corr Centurion Bin,11,116300,52750,256540,6958,90,27.432,40.5,12.35,66,20.11,29.4995588,Wide,Flat
232264,Commercial,Model 9012 Wide-Corr Centurion Bin,12,127200,57650,27610,7492,90,27.432,44.2,13.46,69.7,21.23,29.531193,Wide,Flat
232265,Commercial,Model 9013 Wide-Corr Centurion Bin,13,137800,62500,295870,8025,90,27.432,47.8,14.58,73.3,22.35,29.531193,Wide,Flat
232266,Commercial,Model 9014 Wide-Corr Centurion Bin,14,152100,69000,315540,8559,90,27.432,51.5,15.7,77,23.47,29.531193,Wide,Flat
232267,Commercial,Model 9015 Wide-Corr Centurion Bin,15,165000,74850,335210,9092,90,27.432,55.2,16.82,80.7,24.58,29.4995588,Wide,Flat
232268,Commercial,Model 9016 Wide-Corr Centurion Bin,16,182100,82600,354980,9629,90,27.432,55.89,17.94,84.3,25.71,29.531193,Wide,Flat
232269,Commercial,Model 9017 Wide-Corr Centurion Bin,17,144200,88050,374650,10162,90,27.432,62.5,19.06,88,26.82,29.4995588,Wide,Flat
232270,Commercial,Model 9018 Wide-Corr Centurion Bin,18,211000,95700,394320,10696,90,27.432,66.2,20.17,91.7,27.94,29.531193,Wide,Flat
232271,Commercial,Model 9019 Wide-Corr Centurion Bin,19,245500,102250,413980,11229,90,27.432,69.9,21.29,95.3,29.06,29.531193,Wide,Flat
232272,Commercial,Model 9020 Wide-Corr Centurion Bin,20,245500,111350,433650,11762,90,27.432,73.5,22.41,99,30.18,29.531193,Wide,Flat
232273,Commercial,Model 9021 Wide-Corr Centurion Bin,21,260000,117950,453320,12296,90,27.432,77.2,23.53,102.7,31.3,29.531193,Wide,Flat
232274,Commercial,Model 9022 Wide-Corr Centurion Bin,22,280700,127300,472980,12829,90,27.432,80.9,24.65,106.3,32.41,29.4995588,Wide,Flat
232275,Commercial,Model 9023 Wide-Corr Centurion Bin,23,297600,134950,492650,13363,90,27.432,84.5,25.76,110,33.53,29.531193,Wide,Flat
232281,Commercial,Model 10509 Wide-Corr Centurion Bin,09,134400,60950,305450,8285,105,32.004,33.2,10.11,63.2,19.26,29.76107373,Wide,Flat
232282,Commercial,Model 10510 Wide-Corr Centurion Bin,10,146700,66500,332210,9011,105,32.004,36.8,11.23,66.9,20.38,29.76107373,Wide,Flat
232283,Commercial,Model 10512 Wide-Corr Centurion Bin,12,177300,73400,385750,9737,105,32.004,44.2,12.35,74.2,21.49,29.73408343,Wide,Flat
232283,Commercial,Model 10511 Wide-Corr Centurion Bin,11,161800,90400,358980,90400,105,32.004,40.5,13.46,70.5,22.61,29.76107373,Wide,Flat
232285,Commercial,Model 10513 Wide-Corr Centurion Bin,13,192800,87450,412520,11189,105,32.004,47.8,14.58,77.9,23.73,29.76107373,Wide,Flat
232286,Commercial,Model 10514 Wide-Corr Centurion Bin,14,210300,95350,439290,11915,105,32.004,51.5,15.7,81.5,24.85,29.76107373,Wide,Flat
232287,Commercial,Model 10515 Wide-Corr Centurion Bin,15,231000,104750,466210,12646,105,32.004,55.2,16.82,85.2,25.67,28.94504509,Wide,Flat
232288,Commercial,Model 10516 Wide-Corr Centurion Bin,16,248800,112850,492980,13372,105,32.004,59.9,17.94,88.9,27.1,29.7880495,Wide,Flat
232289,Commercial,Model 10517 Wide-Corr Centurion Bin,17,270300,122600,519750,14098,105,32.004,62.5,19.06,92.5,28.21,29.76107373,Wide,Flat
232290,Commercial,Model 10518 Wide-Corr Centurion Bin,18,131350,13150,546510,14824,105,32.004,66.2,20.17,96.2,29.32,29.76107373,Wide,Flat
232291,Commercial,Model 10519 Wide-Corr Centurion Bin,19,143500,143500,573280,15550,105,32.004,69.9,21.29,99.9,30.44,29.76107373,Wide,Flat
232292,Commercial,Model 10520 Wide-Corr Centurion Bin,20,338800,153650,600050,16276,105,32.004,73.5,22.41,103.5,31.56,29.76107373,Wide,Flat
232293,Commercial,Model 10521 Wide-Corr Centurion Bin,21,364900,165500,626820,17002,105,32.004,77.2,23.53,107.2,32.68,29.76107373,Wide,Flat
232294,Commercial,Model 10522 Wide-Corr Centurion Bin,22,387500,175700,653590,17728,105,32.004,80.9,24.65,110.9,33.79,29.73408343,Wide,Flat
232295,Commercial,Model 10523 Wide-Corr Centurion Bin,23,416400,188850,680360,18454,105,32.004,84.5,25.76,114.5,34.91,29.76107373,Wide,Flat
232451,Commercial,Model 10209 Wide-Corr Centurion Bin,09,125200,56800,286950,7783,102,31.0896,33.2,10.11,61.9,18.86,29.37469032,Wide,Flat
232452,Commercial,Model 10210 Wide-Corr Centurion Bin,10,137100,62200,312210,8468,102,31.0896,36.8,11.23,65.5,19.98,29.37469032,Wide,Flat
232453,Commercial,Model 10211 Wide-Corr Centurion Bin,11,151800,68850,337470,9154,102,31.0896,40.5,12.35,69.2,21.1,29.37469032,Wide,Flat
232454,Commercial,Model 10212 Wide-Corr Centurion Bin,12,166800,75650,362730,9839,102,31.0896,44.2,13.46,72.9,22.21,29.37469032,Wide,Flat
232455,Commercial,Model 10213 Wide-Corr Centurion Bin,13,181900,82500,388000,10524,102,31.0896,47.8,14.58,76.5,23.33,29.37469032,Wide,Flat
232456,Commercial,Model 10214 Wide-Corr Centurion Bin,14,197500,89600,413260,11209,102,31.0896,51.5,15.7,80.2,24.45,29.37469032,Wide,Flat
232457,Commercial,Model 10215 Wide-Corr Centurion Bin,15,217400,98600,438660,11898,102,31.0896,55.2,16.82,83.9,25.57,29.37469032,Wide,Flat
232458,Commercial,Model 10216 Wide-Corr Centurion Bin,16,233500,105900,463920,12583,102,31.0896,58.9,17.94,87.6,26.69,29.37469032,Wide,Flat
232459,Commercial,Model 10217 Wide-Corr Centurion Bin,17,254500,115400,489180,13269,102,31.0896,62.5,19.06,91.2,27.81,29.37469032,Wide,Flat
232460,Commercial,Model 10218 Wide-Corr Centurion Bin,18,273200,123900,514440,13954,102,31.0896,66.2,20.17,94.9,28.93,29.40267263,Wide,Flat
232461,Commercial,Model 10219 Wide-Corr Centurion Bin,19,296200,134350,539700,14639,102,31.0896,69.9,21.29,98.6,30.01,29.29065101,Wide,Flat
232462,Commercial,Model 10220 Wide-Corr Centurion Bin,20,317600,144050,564960,15324,102,31.0896,73.5,22.41,102.2,31.16,29.37469032,Wide,Flat
232463,Commercial,Model 10221 Wide-Corr Centurion Bin,21,343200,155650,590230,16009,102,31.0896,77.2,24.65,105.9,32.28,26.14362266,Wide,Flat
232464,Commercial,Model 10222 Wide-Corr Centurion Bin,22,364800,165450,615490,16695,102,31.0896,80.9,24.65,109.6,33.4,29.37469032,Wide,Flat
232465,Commercial,Model 10223 Wide-Corr Centurion Bin,23,393300,178400,640750,17380,102,31.0896,84.5,25.76,113.2,34.51,29.37469032,Wide,Flat
232471,Commercial,Model 10809 Wide-Corr Centurion Bin,09,140000,63500,325560,8830,108,32.9184,33.2,10.11,63.6,19.39,29.41510428,Wide,Flat
232472,Commercial,Model 10810 Wide-Corr Centurion Bin,10,154900,70250,353880,9599,108,32.9184,36.8,11.23,67.3,20.5,29.3886834,Wide,Flat
232473,Commercial,Model 10811 Wide-Corr Centurion Bin,11,170200,77200,382200,10367,108,32.9184,40.5,12.35,70.9,21.62,29.3886834,Wide,Flat
232474,Commercial,Model 10812 Wide-Corr Centurion Bin,12,186100,84400,410520,11135,108,32.9184,44.2,13.46,74.6,22.74,29.41510428,Wide,Flat
232475,Commercial,Model 10813 Wide-Corr Centurion Bin,13,203600,92350,438840,11903,108,32.9184,47.8,14.58,78.3,23.86,29.41510428,Wide,Flat
232476,Commercial,Model 10814 Wide-Corr Centurion Bin,14,225300,102200,467160,12671,108,32.9184,51.5,15.7,81.9,24.97,29.3886834,Wide,Flat
232478,Commercial,Model 10816 Wide-Corr Centurion Bin,16,262700,119150,523960,14212,108,32.9184,58.9,17.94,89.3,27.22,29.41510428,Wide,Flat
232479,Commercial,Model 10817 Wide-Corr Centurion Bin,17,284800,129200,552280,14212,108,32.9184,62.5,17.94,93,27.22,29.41510428,Wide,Flat
232480,Commercial,Model 10818 Wide-Corr Centurion Bin,18,307900,139600,580600,15748,108,32.9184,66.2,20.17,96.6,29.45,29.41510428,Wide,Flat
232481,Commercial,Model 10819 Wide-Corr Centurion Bin,19,335300,152050,608920,16516,108,32.9184,69.9,21.29,100.3,30.57,29.41510428,Wide,Flat
232482,Commercial,Model 10820 Wide-Corr Centurion Bin,20,358400,162550,637240,17285,108,32.9184,73.5,22.41,104,31.69,29.41510428,Wide,Flat
232483,Commercial,Model 10821 Wide-Corr Centurion Bin,21,385300,174750,665560,18053,108,32.9184,77.2,23.53,107.6,32.8,29.3886834,Wide,Flat
232484,Commercial,Model 10822 Wide-Corr Centurion Bin,22,410500,186200,693880,18821,108,32.9184,80.9,24.65,111.3,33.92,29.3886834,Wide,Flat
232486,Commercial,Model 6609 Wide-Corr Centurion Bin,09,47300,21450,111330,3020,66,20.1168,33.2,10.11,51.7,15.77,29.36705611,Wide,Flat
232487,Commercial,Model 6610 Wide-Corr Centurion Bin,10,52400,23750,121900,3307,66,20.1168,36.8,11.23,55.4,16.89,29.36705611,Wide,Flat
232488,Commercial,Model 6611 Wide-Corr Centurion Bin,11,58000,26350,132480,3593,66,20.1168,40.5,12.35,59.1,18,29.32377394,Wide,Flat
232489,Commercial,Model 6612 Wide-Corr Centurion Bin,12,63200,28650,143060,3880,66,20.1168,44.2,13.46,62.7,19.12,29.36705611,Wide,Flat
232490,Commercial,Model 6613 Wide-Corr Centurion Bin,13,69000,31300,153630,4167,66,20.1168,47.8,14.58,66.4,20.24,29.36705611,Wide,Flat
232491,Commercial,Model 6614 Wide-Corr Centurion Bin,14,75300,34150,164210,4454,66,20.1168,51.5,15.7,70.1,21.36,29.36705611,Wide,Flat
232492,Commercial,Model 6615 Wide-Corr Centurion Bin,15,82000,37200,174780,4741,66,20.1168,55.2,16.82,73.7,22.47,29.32377394,Wide,Flat
232493,Commercial,Model 6616 Wide-Corr Centurion Bin,16,89900,40800,185360,5028,66,20.1168,58.8,17.93,77.4,23.59,29.36705611,Wide,Flat
232494,Commercial,Model 6617 Wide-Corr Centurion Bin,17,98400,44600,196000,5316,66,20.1168,82.5,19.06,81.1,24.72,29.36705611,Wide,Flat
232495,Commercial,Model 6618 Wide-Corr Centurion Bin,18,105300,47750,206570,5603,66,20.1168,66.2,20.17,84.8,25.83,29.36705611,Wide,Flat
232496,Commercial,Model 6619 Wide-Corr Centurion Bin,19,114700,52050,217150,5890,66,20.1168,69.9,21.29,88.4,26.95,29.36705611,Wide,Flat
232497,Commercial,Model 6620 Wide-Corr Centurion Bin,20,122900,55750,227730,6177,66,20.1168,73.5,22.41,92.1,28.07,29.36705611,Wide,Flat
232498,Commercial,Model 6621 Wide-Corr Centurion Bin,21,132600,60100,238300,6464,66,20.1168,77.2,23.53,95.8,29.19,29.36705611,Wide,Flat
232499,Commercial,Model 6622 Wide-Corr Centurion Bin,22,142100,64450,248800,6751,66,20.1168,80.9,24.65,99.4,30.3,29.32377394,Wide,Flat
232500,Commercial,Model 6623 Wide-Corr Centurion Bin,23,151100,68500,259460,7037,66,20.1168,84.5,25.76,103.1,31.42,29.36705611,Wide,Flat
232502,Commercial,Model 8409 Wide-Corr Centurion Bin,09,82900,37600,186230,5051,84,25.6032,33.2,11.23,56.9,18.46,29.45659505,Wide,Flat
232503,Commercial,Model 8410 Wide-Corr Centurion Bin,10,90300,40950,203360,5516,84,25.6032,36.8,11.23,60.6,18.46,29.45659505,Wide,Flat
232504,Commercial,Model 8411 Wide-Corr Centurion Bin,11,99200,45000,220490,5981,84,25.6032,40.5,12.35,64.2,19.58,29.45659505,Wide,Flat
232505,Commercial,Model 8412 Wide-Corr Centurion Bin,12,108300,49100,237630,6445,84,25.6032,44.2,13.46,67.9,20.7,29.49051683,Wide,Flat
232506,Commercial,Model 8413 Wide-Corr Centurion Bin,13,118100,53600,254760,6910,84,25.6032,47.8,14.58,71.6,21.82,29.49051683,Wide,Flat
232507,Commercial,Model 8414 Wide-Corr Centurion Bin,14,12770,57900,271890,7375,84,25.6032,51.5,15.7,75.2,22.93,29.45659505,Wide,Flat
232508,Commercial,Model 8415 Wide-Corr Centurion Bin,15,139100,63100,289020,7839,84,25.6032,55.2,16.82,78.9,24.05,29.45659505,Wide,Flat
232509,Commercial,Model 8416 Wide-Corr Centurion Bin,16,154300,69950,306150,8304,84,25.6032,58.8,17.93,82.6,25.17,29.49051683,Wide,Flat
232510,Commercial,Model 8417 Wide-Corr Centurion Bin,17,166400,75450,323380,8771,84,25.6032,62.5,19.06,86.3,26.29,29.45659505,Wide,Flat
232511,Commercial,Model 8418 Wide-Corr Centurion Bin,18,181100,82100,340510,9236,84,25.6032,66.2,20.17,89.9,27.41,29.49051683,Wide,Flat
232512,Commercial,Model 8419 Wide-Corr Centurion Bin,19,194500,88250,357650,9701,84,25.6032,69.9,21.29,93.6,28.53,29.49051683,Wide,Flat
232513,Commercial,Model 8420 Wide-Corr Centurion Bin,20,210800,95600,374780,10166,84,25.6032,73.5,22.41,97.3,29.64,29.45659505,Wide,Flat
232514,Commercial,Model 8421 Wide-Corr Centurion Bin,21,224300,101750,391910,10630,84,25.6032,77.2,23.53,100.9,30.76,29.45659505,Wide,Flat
232515,Commercial,Model 8422 Wide-Corr Centurion Bin,22,241100,109350,409040,11095,84,25.6032,80.9,24.65,104.6,31.88,29.45659505,Wide,Flat
232516,Commercial,Model 8423 Wide-Corr Centurion Bin,23,257000,116550,426170,11560,84,25.6032,84.5,25.76,108.3,33,29.49051683,Wide,Flat
232526,Commercial,Model 4513 Wide-Corr Centurion Bin,13,31200,14150,69160,1876,45,13.716,47.8,14.58,60,18.29,28.41223763,Wide,Flat
232527,Commercial,Model 4514 Wide-Corr Centurion Bin,14,34100,15450,74080,2009,45,13.716,51.5,15.7,63.7,19.41,28.41223763,Wide,Flat
232528,Commercial,Model 4515 Wide-Corr Centurion Bin,15,37400,17000,79000,2143,45,13.716,55.2,16.82,67.3,20.52,28.34756685,Wide,Flat
232529,Commercial,Model 4516 Wide-Corr Centurion Bin,16,48000,18500,83910,2276,45,13.716,58.8,17.93,71,21.64,28.41223763,Wide,Flat
232530,Commercial,Model 4517 Wide-Corr Centurion Bin,17,44400,18500,88830,2276,45,13.716,62.5,17.93,74.7,21.64,28.41223763,Wide,Flat
232531,Commercial,Model 4518 Wide-Corr Centurion Bin,18,48400,22000,93750,2409,45,13.716,66.2,19.05,78.3,22.76,28.41223763,Wide,Flat
232532,Commercial,Model 4519 Wide-Corr Centurion Bin,19,53700,21600,98960,2543,45,13.716,69.9,20.17,82,23.88,28.41223763,Wide,Flat
232533,Commercial,Model 4520 Wide-Corr Centurion Bin,20,61100,27700,103610,2810,45,13.716,73.5,22.41,85.7,26.12,28.41223763,Wide,Flat
232534,Commercial,Model 4521 Wide-Corr Centurion Bin,21,69900,31700,108520,2944,45,13.716,77.2,23.53,89.4,27.24,28.41223763,Wide,Flat
232535,Commercial,Model 4522 Wide-Corr Centurion Bin,22,78200,35500,113440,3077,45,13.716,89,24.65,93,28.35,28.34756685,Wide,Flat
232536,Commercial,Model 4523 Wide-Corr Centurion Bin,23,88000,39900,118360,3210,45,13.716,84.5,25.76,96.7,29.47,28.41223763,Wide,Flat
232539,Commercial,Model 5113 Wide-Corr Centurion Bin,13,38900,17600,86960,2433,51,15.5448,47.8,14.58,61.5,18.75,28.21417282,Wide,Flat
232540,Commercial,Model 5114 Wide-Corr Centurion Bin,14,43000,19500,96010,2604,51,15.5448,51.5,15.7,65.2,19.87,28.21417282,Wide,Flat
232541,Commercial,Model 5115 Wide-Corr Centurion Bin,15,46500,21100,102320,2775,51,15.5448,55.2,16.82,68.9,20.99,28.21417282,Wide,Flat
232542,Commercial,Model 5116 Wide-Corr Centurion Bin,16,50900,23050,108640,2947,51,15.5448,58.8,17.93,72.5,22.11,28.27138261,Wide,Flat
232543,Commercial,Model 5117 Wide-Corr Centurion Bin,17,56300,25500,114950,3118,51,15.5448,62.5,19.05,76.2,23.23,28.27138261,Wide,Flat
232544,Commercial,Model 5118 Wide-Corr Centurion Bin,18,60600,27500,121270,3289,51,15.5448,66.2,20.17,79.9,24.34,28.21417282,Wide,Flat
232545,Commercial,Model 5122 Wide-Corr Centurion Bin,22,87600,39750,146570,3975,51,15.5448,80.9,24.65,94.6,28.82,28.21417282,Wide,Flat
232545,Commercial,Model 5119 Wide-Corr Centurion Bin,19,66300,30050,127620,3462,51,15.5448,69.9,21.29,83.6,25.47,28.27138261,Wide,Flat
232546,Commercial,Model 5120 Wide-Corr Centurion Bin,20,70600,32000,133940,3633,51,15.5448,73.5,22.41,87.2,26.58,28.21417282,Wide,Flat
232547,Commercial,Model 5121 Wide-Corr Centurion Bin,21,75600,34650,140250,3804,51,15.5448,77.2,23.53,90.9,27.7,28.21417282,Wide,Flat
232549,Commercial,Model 5123 Wide-Corr Centurion Bin,23,98300,44550,152880,4147,51,15.5448,84.5,25.76,98.2,29.94,28.27138261,Wide,Flat
231997W,Farm,Model 1505 Centurion-W Bin,05,3000,1400,2930,80,15,4.55,18.5,5.64,22.6,6.88,28.59281119,Wide,Flat
231997WL,Farm,Model 1505 Centurion-W Bin for Sealform,05,2900,1315,2930,80,15,4.55,18.5,5.64,22.6,6.88,28.59281119,Wide,Flat
231998W,Farm,Model 1506 Centurion-W Bin,06,3400,1550,3470,94,15,4.55,22.2,6.76,26.2,7.99,28.39828679,Wide,Flat
231998WL,Farm,Model 1506 Centurion-W Bin for Sealform,06,3300,1497,3470,94,15,4.55,22.2,6.76,26.2,7.99,28.39828679,Wide,Flat
231999W,Farm,Model 1507 Centurion-W Bin,07,3900,1800,4010,109,15,4.55,25.8,7.87,29.9,9.11,28.59281119,Wide,Flat
231999WL,Farm,Model 1507 Centurion-W Bin for Sealform,07,3800,1723,4010,109,15,4.55,25.8,7.87,29.9,9.11,28.59281119,Wide,Flat
232000W,Farm,Model 1508 Centurion-W Bin,08,4300,1950,4550,124,15,4.55,29.5,8.99,33.6,10.23,28.59281119,Wide,Flat
232000WL,Farm,Model 1508 Centurion-W Bin for Sealform,08,4200,1905,4550,124,15,4.55,29.5,8.99,33.6,10.23,28.59281119,Wide,Flat
232001W,Farm,Model 1509 Centurion-W Bin,09,4900,2200,5100,138,15,4.55,33.2,10.11,37.2,11.35,28.59281119,Wide,Flat
232002W,Farm,Model 1510 Centurion-W Bin,10,5300,2400,5640,153,15,4.55,36.8,11.23,40.8,12.43,27.81041544,Wide,Flat
232003W,Farm,Model 1511 Centurion-W Bin,11,5900,2650,6180,168,15,4.55,40.5,12.34,44.4,13.55,28.00708829,Wide,Flat
232004W,Farm,Model 1512 Centurion-W Bin,12,6700,3050,6720,182,15,4.55,44.2,13.46,48.1,14.66,27.81041544,Wide,Flat
232007W,Farm,Model 1805 Centurion-W Bin,05,3600,1650,4280,116,18,5.46,18.5,5.64,23.4,7.14,28.78661831,Wide,Flat
232007WL,Farm,Model 1805 Centurion-W Bin for Sealform,05,3500,1587,4280,116,18,5.46,18.5,5.64,23.4,7.14,28.78661831,Wide,Flat
232008W,Farm,Model 1806 Centurion-W Bin,06,4100,1850,5060,137,18,5.46,22.2,6.76,27.1,8.26,28.78661831,Wide,Flat
232008WL,Farm,Model 1806 Centurion-W Bin for Sealform,06,4000,1814,5060,137,18,5.46,22.2,6.76,27.1,8.26,28.78661831,Wide,Flat
232009W,Farm,Model 1807 Centurion-W Bin,07,4600,2100,5840,158,18,5.46,25.8,7.87,30.8,9.37,28.78661831,Wide,Flat
232009WL,Farm,Model 1807 Centurion-W Bin for Sealform,07,4500,2041,5840,158,18,5.46,25.8,7.87,30.8,9.37,28.78661831,Wide,Flat
232010W,Farm,Model 1808 Centurion-W Bin,08,5100,2350,6620,179,18,5.46,29.5,8.99,34.4,10.49,28.78661831,Wide,Flat
232010WL,Farm,Model 1808 Centurion-W Bin for Sealform,08,5000,2268,6620,179,18,5.46,29.5,8.99,34.4,10.49,28.78661831,Wide,Flat
232011W,Farm,Model 1809 Centurion-W Bin,09,5800,2650,7400,192,18,5.46,33.2,10.11,38.1,11.61,28.78661831,Wide,Flat
232012W,Farm,Model 1810 Centurion-W Bin,10,6500,2950,8180,222,18,5.46,36.8,11.23,41.6,12.69,28.13780606,Wide,Flat
232013W,Farm,Model 1811 Centurion-W Bin,11,7300,3300,8950,243,18,5.46,40.5,12.34,45.3,13.81,28.30075577,Wide,Flat
232014W,Farm,Model 1812 Centurion-W Bin,12,8000,3650,9730,264,18,5.46,44.2,13.46,49,14.93,28.30075577,Wide,Flat
232017W,Farm,Model 2105 Centurion-W Bin,05,4400,2000,5900,160,21,6.37,18.5,5.64,24.3,7.4,28.92461256,Wide,Flat
232017WL,Farm,Model 2105 Centurion-W Bin for Sealform,05,4300,1950,5900,160,21,6.37,18.5,5.64,24.3,7.4,28.92461256,Wide,Flat
232018W,Farm,Model 2106 Centurion-W Bin,06,4900,2250,6960,189,21,6.37,22.2,6.76,28,8.52,28.92461256,Wide,Flat
232018WL,Farm,Model 2106 Centurion-W Bin for Sealform,06,4800,2177,6960,189,21,6.37,22.2,6.76,28,8.52,28.92461256,Wide,Flat
232019W,Farm,Model 2107 Centurion-W Bin,07,5500,2500,8030,218,21,6.37,25.8,7.87,31.6,9.64,29.06224048,Wide,Flat
232019WL,Farm,Model 2107 Centurion-W Bin for Sealform,07,5400,2449,8030,218,21,6.37,25.8,7.87,31.6,9.64,29.06224048,Wide,Flat
232020W,Farm,Model 2108 Centurion-W Bin,08,6100,2800,9090,246,21,6.37,29.5,8.99,35.3,10.75,28.92461256,Wide,Flat
232020WL,Farm,Model 2108 Centurion-W Bin for Sealform,08,6000,2721,9090,246,21,6.37,29.5,8.99,35.3,10.75,28.92461256,Wide,Flat
232021W,Farm,Model 2109 Centurion-W Bin,09,7000,3150,10150,275,21,6.37,33.2,10.11,39,11.87,28.92461256,Wide,Flat
232022W,Farm,Model 2110 Centurion-W Bin,10,7500,3400,11210,304,21,6.37,36.8,11.23,42.5,12.95,28.37043906,Wide,Flat
232023W,Farm,Model 2111 Centurion-W Bin,11,8700,3950,12270,333,21,6.37,40.5,12.34,46.2,14.07,28.50953139,Wide,Flat
232024W,Farm,Model 2112 Centurion-W Bin,12,9600,4350,13330,362,21,6.37,44.2,13.46,49.8,15.19,28.50953139,Wide,Flat
232027W,Farm,Model 2405 Centurion-W Bin,05,5000,2300,7810,212,24,7.28,18.5,5.64,25.1,7.66,29.02786785,Wide,Flat
232027WL,Farm,Model 2405 Centurion-W Bin for Sealform,05,4900,2222,7810,212,24,7.28,18.5,5.64,25.1,7.66,29.02786785,Wide,Flat
232028W,Farm,Model 2406 Centurion-W Bin,06,5600,2550,9200,250,24,7.28,22.2,6.76,28.8,8.78,29.02786785,Wide,Flat
232028WL,Farm,Model 2406 Centurion-W Bin for Sealform,06,5500,2494,9200,250,24,7.28,22.2,6.76,28.8,8.78,29.02786785,Wide,Flat
232029W,Farm,Model 2407 Centurion-W Bin,07,6400,2900,10590,287,24,7.28,25.8,7.87,32.5,9.9,29.14807185,Wide,Flat
232029WL,Farm,Model 2407 Centurion-W Bin for Sealform,07,6300,2857,10590,287,24,7.28,25.8,7.87,32.5,9.9,29.14807185,Wide,Flat
232030W,Farm,Model 2408 Centurion-W Bin,08,7000,3200,11970,325,24,7.28,29.5,8.99,36.1,11.02,29.14807185,Wide,Flat
232030WL,Farm,Model 2408 Centurion-W Bin for Sealform,08,6900,3129,11970,325,24,7.28,29.5,8.99,36.1,11.02,29.14807185,Wide,Flat
232031W,Farm,Model 2409 Centurion-W Bin,09,7800,3550,13360,362,24,7.28,33.2,10.11,39.8,12.13,29.02786785,Wide,Flat
232032W,Farm,Model 2410 Centurion-W Bin,10,8600,3900,14740,400,24,7.28,36.8,11.23,43.4,13.22,28.66557294,Wide,Flat
232033W,Farm,Model 2411 Centurion-W Bin,11,9600,4350,16130,437,24,7.28,40.5,12.34,47,14.33,28.66557294,Wide,Flat
232034W,Farm,Model 2412 Centurion-W Bin,12,11300,5100,17510,475,24,7.28,44.2,13.46,50.7,15.45,28.66557294,Wide,Flat
232042W,Farm,Model 2705 Centurion-W Bin,05,6100,2800,10020,272,27,8.19,18.5,5.64,26,7.92,29.10803503,Wide,Flat
232042WL,Farm,Model 2705 Centurion-W Bin for Sealform,05,6000,2721,10020,272,27,8.19,18.5,5.64,26,7.92,29.10803503,Wide,Flat
232043W,Farm,Model 2706 Centurion-W Bin,06,6800,3100,11780,319,27,8.19,22.2,6.76,29.7,9.04,29.10803503,Wide,Flat
232043WL,Farm,Model 2706 Centurion-W Bin for Sealform,06,6700,3039,11780,319,27,8.19,22.2,6.76,29.7,9.04,29.10803503,Wide,Flat
232044W,Farm,Model 2707 Centurion-W Bin,07,7700,3500,13530,367,27,8.19,25.8,7.87,33.3,10.16,29.21473059,Wide,Flat
232044WL,Farm,Model 2707 Centurion-W Bin for Sealform,07,7600,3447,13530,367,27,8.19,25.8,7.87,33.3,10.16,29.21473059,Wide,Flat
232045W,Farm,Model 2708 Centurion-W Bin,08,8400,3764,15280,415,27,8.19,29.5,8.99,37,11.28,29.21473059,Wide,Flat
232045WL,Farm,Model 2708 Centurion-W Bin for Sealform,08,8300,3764,15280,415,27,8.19,29.5,8.99,37,11.28,29.21473059,Wide,Flat
232046W,Farm,Model 2709 Centurion-W Bin,09,9400,4300,17040,462,27,8.19,33.2,10.11,40.7,12.4,29.21473059,Wide,Flat
232047W,Farm,Model 2710 Centurion-W Bin,10,10200,4600,18790,510,27,8.19,36.8,11.23,44.2,13.48,28.78661831,Wide,Flat
232048W,Farm,Model 2711 Centurion-W Bin,11,11300,5150,20540,557,27,8.19,40.5,12.34,47.9,14.6,28.89397883,Wide,Flat
232049W,Farm,Model 2712 Centurion-W Bin,12,12900,5850,22300,605,27,8.19,44.2,13.46,51.6,15.71,28.78661831,Wide,Flat
232057W,Farm,Model 3005 Centurion-W Bin,05,6900,3150,12530,340,30,9.1,18.5,5.64,26.9,8.19,29.26799521,Wide,Flat
232057WL,Farm,Model 3005 Centurion-W Bin for Sealform,05,6800,3084,12530,340,30,9.1,18.5,5.64,26.9,8.19,29.26799521,Wide,Flat
232058W,Farm,Model 3006 Centurion-W Bin,06,7700,3500,14700,399,30,9.1,22.2,6.76,30.5,9.31,29.26799521,Wide,Flat
232058WL,Farm,Model 3006 Centurion-W Bin for Sealform,06,7500,3401,14700,399,30,9.1,22.2,6.76,30.5,9.31,29.26799521,Wide,Flat
232059W,Farm,Model 3007 Centurion-W Bin,07,8700,3950,16860,457,30,9.1,25.8,7.87,34.2,10.42,29.26799521,Wide,Flat
232059WL,Farm,Model 3007 Centurion-W Bin for Sealform,07,8500,3855,16860,457,30,9.1,25.8,7.87,34.2,10.42,29.26799521,Wide,Flat
232060W,Farm,Model 3008 Centurion-W Bin,08,9500,4300,19030,516,30,9.1,29.5,8.99,37.9,11.54,29.26799521,Wide,Flat
232061W,Farm,Model 3009 Centurion-W Bin,09,10700,4850,21190,575,30,9.1,33.2,10.11,41.5,12.66,29.26799521,Wide,Flat
232062W,Farm,Model 3010 Centurion-W Bin,10,11700,5300,23360,634,30,9.1,36.8,11.23,45.1,13.74,28.88325275,Wide,Flat
232063W,Farm,Model 3011 Centurion-W Bin,11,13300,6050,25520,692,30,9.1,40.5,12.34,48.8,14.86,28.9797077,Wide,Flat
232064W,Farm,Model 3012 Centurion-W Bin,12,14800,6750,27690,751,30,9.1,44.2,13.46,52.4,15.98,28.9797077,Wide,Flat
232077W,Farm,Model 3305 Centurion-W Bin,05,8000,3600,15360,417,33,10.01,18.5,5.64,27.3,8.33,28.25636427,Wide,Flat
232077WL,Farm,Model 3305 Centurion-W Bin for Sealform,05,7800,3537,15360,417,33,10.01,18.5,5.64,27.3,8.33,28.25636427,Wide,Flat
232078W,Farm,Model 3306 Centurion-W Bin,06,8800,4000,17980,488,33,10.01,22.2,6.76,31,9.45,28.25636427,Wide,Flat
232078WL,Farm,Model 3306 Centurion-W Bin for Sealform,06,8600,3900,17980,488,33,10.01,22.2,6.76,31,9.45,28.25636427,Wide,Flat
232079W,Farm,Model 3307 Centurion-W Bin,07,10000,4550,20600,559,33,10.01,25.8,7.87,34.7,10.57,28.34511026,Wide,Flat
232079WL,Farm,Model 3307 Centurion-W Bin for Sealform,07,9800,4444,20600,559,33,10.01,25.8,7.87,34.7,10.57,28.34511026,Wide,Flat
232080W,Farm,Model 3308 Centurion-W Bin,08,11000,5000,23220,630,33,10.01,29.5,8.99,38.3,11.69,28.34511026,Wide,Flat
232081W,Farm,Model 3309 Centurion-W Bin,09,12600,5700,25840,701,33,10.01,33.2,10.11,42,12.8,28.25636427,Wide,Flat
232082W,Farm,Model 3310 Centurion-W Bin,10,13700,6250,28450,772,33,10.01,36.8,11.23,45.5,13.87,27.81041544,Wide,Flat
232083W,Farm,Model 3311 Centurion-W Bin,11,15700,7100,31070,843,33,10.01,40.5,12.34,49.2,14.98,27.81041544,Wide,Flat
232084W,Farm,Model 3312 Centurion-W Bin,12,17400,7900,33690,914,33,10.01,44.2,13.46,52.8,16.1,27.81041544,Wide,Flat
232097W,Farm,Model 3605 Centurion-W Bin,05,8700,3950,18510,502,36,10.91,18.5,5.64,28.2,8.6,28.48520708,Wide,Flat
232098W,Farm,Model 3606 Centurion-W Bin,06,9800,4450,21630,587,36,10.91,22.2,6.76,31.9,9.71,28.40400257,Wide,Flat
232099W,Farm,Model 3607 Centurion-W Bin,07,11100,5050,24750,671,36,10.91,25.8,7.87,35.5,10.83,28.48520708,Wide,Flat
232100W,Farm,Model 3608 Centurion-W Bin,08,12400,5600,27860,756,36,10.91,29.5,8.99,39.2,11.95,28.48520708,Wide,Flat
232101W,Farm,Model 3609 Centurion-W Bin,09,14000,6350,30980,840,36,10.91,33.2,10.11,42.9,13.07,28.48520708,Wide,Flat
232102W,Farm,Model 3610 Centurion-W Bin,10,15700,7150,34100,925,36,10.91,36.8,11.23,46.4,14.13,27.99611079,Wide,Flat
232103W,Farm,Model 3611 Centurion-W Bin,11,17400,7880,37210,1009,36,10.91,40.5,12.34,50,15.25,28.07793823,Wide,Flat
232104W,Farm,Model 3612 Centurion-W Bin,12,19300,8750,40330,1094,36,10.91,44.2,13.46,53.7,16.36,27.99611079,Wide,Flat
232117W,Farm,Model 4205 Centurion-W Bin,05,11700,5300,25830,701,42,12.73,18.5,5.64,29.9,9.12,28.66719126,Wide,Flat
232118W,Farm,Model 4206 Centurion-W Bin,06,13300,6000,30070,816,42,12.73,22.2,6.76,33.6,10.24,28.66719126,Wide,Flat
232119W,Farm,Model 4207 Centurion-W Bin,07,14800,6700,34320,931,42,12.73,25.8,7.87,37.3,11.36,28.73644655,Wide,Flat
232120W,Farm,Model 4208 Centurion-W Bin,08,16600,7550,38560,1046,42,12.73,29.5,8.99,40.9,12.47,28.66719126,Wide,Flat
232121W,Farm,Model 4209 Centurion-W Bin,09,18400,8350,42800,1161,42,12.73,33.2,10.11,44.6,13.59,28.66719126,Wide,Flat
232122W,Farm,Model 4210 Centurion-W Bin,10,21000,9550,47040,1276,42,12.73,36.8,11.23,48.1,14.65,28.24973549,Wide,Flat
232123W,Farm,Model 4211 Centurion-W Bin,11,23500,10650,51290,1391,42,12.73,40.5,12.34,51.7,15.77,28.31954039,Wide,Flat
232124W,Farm,Model 4212 Centurion-W Bin,12,25800,11700,55530,1506,42,12.73,44.2,13.46,55.4,16.89,28.31954039,Wide,Flat
232137W,Farm,Model 4805 Centurion-W Bin,05,14100,6400,34570,938,48,14.55,18.5,5.64,31.7,9.65,28.8636747,Wide,Flat
232138W,Farm,Model 4806 Centurion-W Bin,06,16000,7250,40110,1088,48,14.55,22.2,6.76,35.3,10.76,28.80323493,Wide,Flat
232139W,Farm,Model 4807 Centurion-W Bin,07,17900,8150,45650,1238,48,14.55,25.8,7.87,39,11.88,28.8636747,Wide,Flat
232140W,Farm,Model 4808 Centurion-W Bin,08,20400,9250,51190,1389,48,14.55,29.5,8.99,42.7,13,28.8636747,Wide,Flat
232141W,Farm,Model 4809 Centurion-W Bin,09,23100,10450,56730,1539,48,14.55,33.2,10.11,46.3,14.12,28.8636747,Wide,Flat
232142W,Farm,Model 4810 Centurion-W Bin,10,25700,11650,62270,1689,48,14.55,36.8,11.23,49.8,15.18,28.49998349,Wide,Flat
232143W,Farm,Model 4811 Centurion-W Bin,11,28700,13050,67810,1839,48,14.55,40.5,12.34,53.5,16.3,28.56077408,Wide,Flat
232144W,Farm,Model 4812 Centurion-W Bin,12,31800,14450,73360,1990,48,14.55,44.2,13.46,57.1,17.41,28.49998349,Wide,Flat
195701,Farm,Model 1504 Wide Corr Farm Bin,04,2400,1100,2390,65,15,4.55,14.8,4.52,18.9,5.76,28.59281119,Wide,Flat
195701L,Farm,Model 1504 Wide Corr Farm Bin for Sealform,04,2300,1043,2390,65,15,4.55,14.8,4.52,18.9,5.76,28.59281119,Wide,Flat
195702,Farm,Model 1505 Wide Corr Farm Bin,05,2900,1350,2930,79,15,4.55,18.5,5.64,22.6,6.88,28.59281119,Wide,Flat
195702L,Farm,Model 1505 Wide Corr Farm Bin for Sealform,05,2800,1270,2930,79,15,4.55,18.5,5.64,22.6,6.88,28.59281119,Wide,Flat
195703,Farm,Model 1506 Wide Corr Farm Bin,06,3500,1600,3470,94,15,4.55,22.2,6.76,26.2,7.99,28.39828679,Wide,Flat
195703L,Farm,Model 1506 Wide Corr Farm Bin for Sealform,06,3400,1542,3470,94,15,4.55,22.2,6.76,26.2,7.99,28.39828679,Wide,Flat
195704,Farm,Model 1507 Wide Corr Farm Bin,07,4200,1900,4010,109,15,4.55,25.8,7.87,29.9,9.11,28.59281119,Wide,Flat
195704L,Farm,Model 1507 Wide Corr Farm Bin for Sealform,07,4100,1859,4010,109,15,4.55,25.8,7.87,29.9,9.11,28.59281119,Wide,Flat
195706,Farm,Model 1804 Wide Corr Farm Bin,04,2800,1300,3500,95,18,5.46,14.8,4.52,19.8,6.02,28.78661831,Wide,Flat
195706L,Farm,Model 1804 Wide Corr Farm Bin for Sealform,04,2700,1224,3500,95,18,5.46,14.8,4.52,19.8,6.02,28.78661831,Wide,Flat
195707,Farm,Model 1805 Wide Corr Farm Bin,05,3500,1600,4280,116,18,5.46,18.5,5.64,23.4,7.14,28.78661831,Wide,Flat
195707L,Farm,Model 1805 Wide Corr Farm Bin for Sealform,05,3400,1587,4280,116,18,5.46,18.5,5.64,23.4,7.14,28.78661831,Wide,Flat
195708,Farm,Model 1806 Wide Corr Farm Bin,06,4400,2000,5060,137,18,5.46,22.2,6.76,27.1,8.26,28.78661831,Wide,Flat
195708L,Farm,Model 1806 Wide Corr Farm Bin for Sealform,06,4300,1995,5060,137,18,5.46,22.2,6.76,27.1,8.26,28.78661831,Wide,Flat
195709,Farm,Model 1807 Wide Corr Farm Bin,07,5200,2400,5840,158,18,5.46,25.8,7.87,30.8,9.37,28.78661831,Wide,Flat
195709L,Farm,Model 1807 Wide Corr Farm Bin for Sealform,07,5100,2313,5840,158,18,5.46,25.8,7.87,30.8,9.37,28.78661831,Wide,Flat
195714,Farm,Model 2104 Wide Corr Farm Bin,04,3600,1650,4840,131,21,6.37,14.8,4.52,20.6,6.28,28.92461256,Wide,Flat
195714L,Farm,Model 2104 Wide Corr Farm Bin for Sealform,04,3500,1587,4840,131,21,6.37,14.8,4.52,20.6,6.28,28.92461256,Wide,Flat
195715,Farm,Model 2105 Wide Corr Farm Bin,05,4400,2000,5900,160,21,6.37,18.5,5.64,24.3,7.4,28.92461256,Wide,Flat
195715L,Farm,Model 2105 Wide Corr Farm Bin for Sealform,05,4200,1905,5900,160,21,6.37,18.5,5.64,24.3,7.4,28.92461256,Wide,Flat
195716,Farm,Model 2106 Wide Corr Farm Bin,06,5400,2450,6960,189,21,6.37,22.2,6.76,28,8.52,28.92461256,Wide,Flat
195716L,Farm,Model 2106 Wide Corr Farm Bin for Sealform,06,5200,2358,6960,189,21,6.37,22.2,6.76,28,8.52,28.92461256,Wide,Flat
195717,Farm,Model 2107 Wide Corr Farm Bin,07,6400,2900,8030,218,21,6.37,25.8,7.87,31.6,9.64,29.06224048,Wide,Flat
195717L,Farm,Model 2107 Wide Corr Farm Bin for Sealform,07,6300,2857,8030,218,21,6.37,25.8,7.87,31.6,9.64,29.06224048,Wide,Flat
195718,Farm,Model 2108 Wide Corr Farm Bin,08,7600,3450,9090,246,21,6.37,29.5,8.99,35.3,10.75,28.92461256,Wide,Flat
195718L,Farm,Model 2108 Wide Corr Farm Bin for Sealform,08,7500,3401,9090,246,21,6.37,29.5,8.99,35.3,10.75,28.92461256,Wide,Flat
195723,Farm,Model 2404 Wide Corr Farm Bin,04,4100,1850,6430,174,24,7.28,14.8,4.52,21.5,6.55,29.14807185,Wide,Flat
195723L,Farm,Model 2404 Wide Corr Farm Bin for Sealform,04,4000,1814,6430,174,24,7.28,14.8,4.52,21.5,6.55,29.14807185,Wide,Flat
195724,Farm,Model 2405 Wide Corr Farm Bin,05,5000,2300,7810,212,24,7.28,18.5,5.64,25.1,7.66,29.02786785,Wide,Flat
195724L,Farm,Model 2405 Wide Corr Farm Bin for Sealform,05,4900,2222,7810,212,24,7.28,18.5,5.64,25.1,7.66,29.02786785,Wide,Flat
195725,Farm,Model 2406 Wide Corr Farm Bin,06,6200,2800,9200,250,24,7.28,22.2,6.76,28.8,8.78,29.02786785,Wide,Flat
195725L,Farm,Model 2406 Wide Corr Farm Bin for Sealform,06,6000,2721,9200,250,24,7.28,22.2,6.76,28.8,8.78,29.02786785,Wide,Flat
195726,Farm,Model 2407 Wide Corr Farm Bin,07,7500,3400,10590,250,24,7.28,25.8,7.87,32.5,9.9,29.14807185,Wide,Flat
195726L,Farm,Model 2407 Wide Corr Farm Bin for Sealform,07,7400,3356,10590,287,24,7.28,25.8,7.87,32.5,9.9,29.14807185,Wide,Flat
195727,Farm,Model 2408 Wide Corr Farm Bin,08,8900,4050,11970,325,24,7.28,29.5,8.99,36.1,11.02,29.14807185,Wide,Flat
195727L,Farm,Model 2408 Wide Corr Farm Bin for Sealform,08,8800,3991,11970,325,24,7.28,29.5,8.99,36.1,11.02,29.14807185,Wide,Flat
195732,Farm,Model 2704 Wide Corr Farm Bin,04,5100,2350,8270,224,27,8.19,14.8,4.52,22.3,6.81,29.21473059,Wide,Flat
195732L,Farm,Model 2704 Wide Corr Farm Bin for Sealform,04,5000,2268,8270,224,27,8.19,14.8,4.52,22.3,6.81,29.21473059,Wide,Flat
195733,Farm,Model 2705 Wide Corr Farm Bin,05,6100,2800,10020,272,27,8.19,18.5,5.64,26,7.92,29.10803503,Wide,Flat
195733L,Farm,Model 2705 Wide Corr Farm Bin for Sealform,05,6000,2721,10020,272,27,8.19,18.5,5.64,26,7.92,29.10803503,Wide,Flat
195734,Farm,Model 2706 Wide Corr Farm Bin,06,7400,3350,11780,319,27,8.19,22.2,6.76,29.7,9.04,29.10803503,Wide,Flat
195734L,Farm,Model 2706 Wide Corr Farm Bin for Sealform,06,7300,3311,11780,319,27,8.19,22.2,6.76,29.7,9.04,29.10803503,Wide,Flat
195735,Farm,Model 2707 Wide Corr Farm Bin,07,9000,4050,13530,367,27,8.19,25.8,7.87,33.3,10.16,29.21473059,Wide,Flat
195735L,Farm,Model 2707 Wide Corr Farm Bin for Sealform,07,8800,3991,13530,367,27,8.19,25.8,7.87,33.3,10.16,29.21473059,Wide,Flat
195736,Farm,Model 2708 Wide Corr Farm Bin,08,10500,4800,15280,415,27,8.19,29.5,8.99,37,11.28,29.21473059,Wide,Flat
195736L,Farm,Model 2708 Wide Corr Farm Bin for Sealform,08,10400,4717,15280,415,27,8.19,29.5,8.99,37,11.28,29.21473059,Wide,Flat
195737,Farm,Model 2709 Wide Corr Farm Bin,09,12300,5600,17040,462,27,8.19,33.2,10.11,40.7,12.4,29.21473059,Wide,Flat
195737L,Farm,Model 2709 Wide Corr Farm Bin for Sealform,09,12200,5533,17040,462,27,8.19,33.2,10.11,40.7,12.4,29.21473059,Wide,Flat
195740,Farm,Model 3004 Wide Corr Farm Bin,04,6100,2750,10370,281,30,9.1,14.8,4.52,23.2,7.07,29.26799521,Wide,Flat
195740L,Farm,Model 3004 Wide Corr Farm Bin for Sealform,04,5900,2676,10370,281,30,9.1,14.8,4.52,23.2,7.07,29.26799521,Wide,Flat
195741,Farm,Model 3005 Wide Corr Farm Bin,05,7800,3400,12530,340,30,9.1,18.5,5.64,26.9,8.19,29.26799521,Wide,Flat
195741L,Farm,Model 3005 Wide Corr Farm Bin for Sealform,05,7300,3311,12530,340,30,9.1,18.5,5.64,26.9,8.19,29.26799521,Wide,Flat
195742,Farm,Model 3006 Wide Corr Farm Bin,06,8900,4050,14700,399,30,9.1,22.2,6.76,30.5,9.31,29.26799521,Wide,Flat
195742L,Farm,Model 3006 Wide Corr Farm Bin for Sealform,06,8800,3991,14700,399,30,9.1,22.2,6.76,30.5,9.31,29.26799521,Wide,Flat
195743,Farm,Model 3007 Wide Corr Farm Bin,07,10700,4850,16860,457,30,9.1,25.8,7.87,34.2,10.42,29.26799521,Wide,Flat
195743L,Farm,Model 3007 Wide Corr Farm Bin for Sealform,07,10500,4762,16860,457,30,9.1,25.8,7.87,34.2,10.42,29.26799521,Wide,Flat
195744,Farm,Model 3008 Wide Corr Farm Bin,08,12600,5700,19030,516,30,9.1,29.5,8.99,37.9,11.54,29.26799521,Wide,Flat
195744L,Farm,Model 3008 Wide Corr Farm Bin for Sealform,08,12400,5624,19030,516,30,9.1,29.5,8.99,37.9,11.54,29.26799521,Wide,Flat
195745,Farm,Model 3009 Wide Corr Farm Bin,09,14800,6700,21190,575,30,9.1,33.2,10.11,41.5,12.66,29.26799521,Wide,Flat
195745L,Farm,Model 3009 Wide Corr Farm Bin for Sealform,09,14600,7574,21190,575,30,9.1,33.2,10.11,41.5,12.66,29.26799521,Wide,Flat
195748,Farm,Model 3304 Wide Corr Farm Bin,04,7200,3250,12740,346,33,10.01,14.8,4.52,23.7,7.22,28.34511026,Wide,Flat
195748L,Farm,Model 3304 Wide Corr Farm Bin for Sealform,04,7100,3144,12740,346,33,10.01,14.8,4.52,23.7,7.22,28.34511026,Wide,Flat
195749,Farm,Model 3305 Wide Corr Farm Bin,05,8700,3950,15360,417,33,10.01,18.5,5.64,27.3,8.33,28.25636427,Wide,Flat
195749L,Farm,Model 3305 Wide Corr Farm Bin for Sealform,05,8500,3855,15360,417,33,10.01,18.5,5.64,27.3,8.33,28.25636427,Wide,Flat
195750,Farm,Model 3306 Wide Corr Farm Bin,06,10300,4700,17980,488,33,10.01,22.2,6.76,31,9.45,28.25636427,Wide,Flat
195750L,Farm,Model 3306 Wide Corr Farm Bin for Sealform,06,10100,4671,17980,488,33,10.01,22.2,6.76,31,9.45,28.25636427,Wide,Flat
195751,Farm,Model 3307 Wide Corr Farm Bin,07,12200,5550,20600,559,33,10.01,25.8,7.87,34.7,10.57,28.34511026,Wide,Flat
195751L,Farm,Model 3307 Wide Corr Farm Bin for Sealform,07,12000,5442,20600,559,33,10.01,25.8,7.87,34.7,10.57,28.34511026,Wide,Flat
195752,Farm,Model 3308 Wide Corr Farm Bin,08,14400,6500,23220,630,33,10.01,29.5,8.99,38.3,11.69,28.34511026,Wide,Flat
195752L,Farm,Model 3308 Wide Corr Farm Bin for Sealform,08,14200,6440,23220,630,33,10.01,29.5,8.99,38.3,11.69,28.34511026,Wide,Flat
195753,Farm,Model 3309 Wide Corr Farm Bin,09,16700,7600,25840,701,33,10.01,33.2,10.11,42,12.8,28.25636427,Wide,Flat
195753L,Farm,Model 3309 Wide Corr Farm Bin for Sealform,09,16600,7528,25840,701,33,10.01,33.2,10.11,42,12.8,28.25636427,Wide,Flat
195756,Farm,Model 3604 Wide Corr Farm Bin,04,8000,3650,15390,418,36,10.91,14.8,4.52,24.5,7.48,28.48520708,Wide,Flat
195756L,Farm,Model 3604 Wide Corr Farm Bin for Sealform,04,7900,3531,15390,418,36,10.91,14.8,4.52,24.5,7.48,28.48520708,Wide,Flat
195757,Farm,Model 3605 Wide Corr Farm Bin,05,9700,4400,18510,502,36,10.91,18.5,5.64,28.2,8.6,28.48520708,Wide,Flat
195757L,Farm,Model 3605 Wide Corr Farm Bin for Sealform,05,9500,4308,18510,502,36,10.91,18.5,5.64,28.2,8.6,28.48520708,Wide,Flat
195758,Farm,Model 3606 Wide Corr Farm Bin,06,11500,5200,21630,587,36,10.91,22.2,6.76,31.9,9.71,28.40400257,Wide,Flat
195758L,Farm,Model 3606 Wide Corr Farm Bin for Sealform,06,11300,5125,21630,587,36,10.91,22.2,6.76,31.9,9.71,28.40400257,Wide,Flat
195759,Farm,Model 3607 Wide Corr Farm Bin,07,13600,6150,24750,671,36,10.91,25.8,7.87,35.5,10.83,28.48520708,Wide,Flat
195759L,Farm,Model 3607 Wide Corr Farm Bin for Sealform,07,13400,6077,24750,671,36,10.91,25.8,7.87,35.5,10.83,28.48520708,Wide,Flat
195760,Farm,Model 3608 Wide Corr Farm Bin,08,15900,7200,27860,756,36,10.91,29.5,8.99,39.2,11.95,28.48520708,Wide,Flat
195760L,Farm,Model 3608 Wide Corr Farm Bin for Sealform,08,15700,7120,27860,756,36,10.91,29.5,8.99,39.2,11.95,28.48520708,Wide,Flat
195761,Farm,Model 3609 Wide Corr Farm Bin,09,18500,8400,30980,840,36,10.91,33.2,10.11,42.9,13.07,28.48520708,Wide,Flat
195761L,Farm,Model 3609 Wide Corr Farm Bin for Sealform,09,18300,8299,30980,840,36,10.91,33.2,10.11,42.9,13.07,28.48520708,Wide,Flat
195763,Farm,Model 4209 Wide Corr Farm Bin,09,23300,10550,42800,1161,42,12.73,33.2,10.11,44.6,13.59,28.66719126,Wide,Flat
195763L,Farm,Model 4209 Wide Corr Farm Bin for Sealform,09,23000,10431,42800,1161,42,12.73,33.2,10.11,44.6,13.59,28.66719126,Wide,Flat
195764,Farm,Model 4204 Wide Corr Farm Bin,04,10100,4550,21590,586,42,12.73,14.8,4.52,26.3,8,28.66719126,Wide,Flat
195764L,Farm,Model 4204 Wide Corr Farm Bin for Sealform,04,9900,4426,21590,586,42,12.73,14.8,4.52,26.3,8,28.66719126,Wide,Flat
195765,Farm,Model 4205 Wide Corr Farm Bin,05,12100,5500,25830,701,42,12.73,18.5,5.64,29.9,9.12,28.66719126,Wide,Flat
195765L,Farm,Model 4205 Wide Corr Farm Bin for Sealform,05,11800,5351,25830,701,42,12.73,18.5,5.64,29.9,9.12,28.66719126,Wide,Flat
195766,Farm,Model 4206 Wide Corr Farm Bin,06,14500,6600,30070,816,42,12.73,22.2,6.76,33.6,10.24,28.66719126,Wide,Flat
195766L,Farm,Model 4206 Wide Corr Farm Bin for Sealform,06,14200,6440,30070,816,42,12.73,22.2,6.76,33.6,10.24,28.66719126,Wide,Flat
195767,Farm,Model 4207 Wide Corr Farm Bin,07,17000,7700,34320,931,42,12.73,25.8,7.87,37.3,11.36,28.73644655,Wide,Flat
195767L,Farm,Model 4207 Wide Corr Farm Bin for Sealform,07,16700,7574,34320,931,42,12.73,25.8,7.87,37.3,11.36,28.73644655,Wide,Flat
195768,Farm,Model 4208 Wide Corr Farm Bin,08,19700,8950,38560,1046,42,12.73,29.5,8.99,40.9,12.47,28.66719126,Wide,Flat
195768L,Farm,Model 4208 Wide Corr Farm Bin for Sealform,08,19400,8798,38560,1046,42,12.73,29.5,8.99,40.9,12.47,28.66719126,Wide,Flat
195769,Farm,Model 4804 Wide Corr Farm Bin,04,12000,5450,29020,787,48,14.55,14.8,4.52,28,8.53,28.8636747,Wide,Flat
195769L,Farm,Model 4804 Wide Corr Farm Bin for SealForm,04,11642,5281,29020,787,48,14.55,14.8,4.52,28,8.53,28.8636747,Wide,Flat
195770,Farm,Model 4805 Wide Corr Farm Bin,05,14300,6500,34570,938,48,14.55,18.5,5.64,31.7,9.65,28.8636747,Wide,Flat
195770L,Farm,Model 4805 Wide Corr Farm Bin for SealForm,05,13932,6319,34570,938,48,14.55,18.5,5.64,31.7,9.65,28.8636747,Wide,Flat
195771,Farm,Model 4806 Wide Corr Farm Bin,06,17100,7750,40110,1088,48,14.55,22.2,6.76,35.3,10.76,28.80323493,Wide,Flat
195771L,Farm,Model 4806 Wide Corr Farm Bin for SealForm,06,16733,7590,40110,1088,48,14.55,22.2,6.76,35.3,10.77,28.8636747,Wide,Flat
195772,Farm,Model 4807 Wide Corr Farm Bin,07,20200,9150,45650,1238,48,14.55,25.8,7.87,39,11.88,28.8636747,Wide,Flat
195772L,Farm,Model 4807 Wide Corr Farm Bin for SealForm,07,19847,9002,45650,1238,48,14.55,25.8,7.87,39,11.88,28.8636747,Wide,Flat
195773,Farm,Model 4808 Wide Corr Farm Bin,08,23600,10700,51190,1388,48,14.55,29.5,8.99,42.7,13,28.8636747,Wide,Flat
195773L,Farm,Model 4808 Wide Corr Farm Bin for SealForm,08,23273,10556,51190,1388,48,14.55,29.5,8.99,42.7,13,28.8636747,Wide,Flat
195774,Farm,Model 4809 Wide Corr Farm Bin,09,27700,12550,56730,1539,48,14.55,33.2,10.11,46.3,14.12,28.8636747,Wide,Flat
195774L,Farm,Model 4809 Wide Corr Farm Bin for SealForm,09,27302,12384,56730,1539,48,14.55,33.2,10.11,46.3,14.12,28.8636747,Wide,Flat
,,,,,,,,,,,,,,,,
