Sub-Brand,Bin Series,Diameter (ft),Rings,Maximum Capactiy (Bushels) No Plenum,Eave Height (ft),Peak Height (ft),Capacity (cu. ft),Metric Tons 800 kg/m^3,Metric Tons 721 kg/m^3,Metric Tons 640 kg/m^3,Eave Height (m),Peak Height (m),Maximum Cap. (cu. m),Diameter (m),Roof Angle (degrees),Corrugation,Bottom
GSI 40 SERIES BINS,4024 SERIES,12,3,"1,061","11'1""","14'7""","1,358",33,29,26,3.38,4.45,38,3.657599883,30.33118272,Wide,Flat
GSI 40 SERIES BINS,4024 SERIES,12,4,"1,411","14'9""","18'3""","1,768",42,38,34,4.5,5.56,50,3.657599883,30.09722706,Wide,Flat
GSI 40 SERIES BINS,4024 SERIES,12,5,"1,761","18'5""","21'11""","2,178",52,47,42,5.61,6.68,62,3.657599883,30.33118272,Wide,Flat
GSI 40 SERIES BINS,4024 SERIES,12,6,"2,110","22'1""","25'7""","2,589",62,56,50,6.73,7.79,73,3.657599883,30.09722706,Wide,Flat
GSI 40 SERIES BINS,4024 SERIES,12,7,"2,460","25'9""","29'3""","2,999",72,65,58,7.85,8.91,85,3.657599883,30.09722706,Wide,Flat
GSI 40 SERIES BINS,4024 SERIES,12,8,"2,810","29'5""","32'11""","3,409",82,74,65,8.97,10.03,97,3.657599883,30.09722706,Wide,Flat
GSI 40 SERIES BINS,4024 SERIES,12,9,"3,159","33'1""","36'7""","3,820",92,83,73,10.08,11.15,108,3.657599883,30.33118272,Wide,Flat
GSI 40 SERIES BINS,4024 SERIES,12,10,"3,509","36'9""","40'3""","4,230",102,92,81,11.2,12.26,120,3.657599883,30.09722706,Wide,Flat
GSI 40 SERIES BINS,4024 SERIES,12,11,"3,859","40'5""","43'11""","4,640",111,100,89,12.32,13.68,131,3.657599883,36.63659771,Wide,Flat
GSI 40 SERIES BINS,4024 SERIES,12,12,"4,208","44'1""","47'7""","5,051",121,109,97,13.44,14.5,143,3.657599883,30.09722706,Wide,Flat
GSI 40 SERIES BINS,4024 SERIES,12,13,"4,558","47'9""","51'3""","5,461",131,118,105,14.55,15.62,155,3.657599883,30.33118272,Wide,Flat
GSI 40 SERIES BINS,4024 SERIES,15,3,"1,698","11'1""","15'5""","2,168",52,47,42,3.38,4.69,61,4.571999854,29.81501153,Wide,Flat
GSI 40 SERIES BINS,4024 SERIES,15,4,"2,244","14'9""","19'1""","2,809",67,61,54,4.5,5.82,80,4.571999854,30.00333325,Wide,Flat
GSI 40 SERIES BINS,4024 SERIES,15,5,"2,791","18'5""","22'9""","3,450",83,75,66,5.61,6.95,98,4.571999854,30.37784034,Wide,Flat
GSI 40 SERIES BINS,4024 SERIES,15,6,"3,338","22'1""","26'5""","4,091",98,89,79,6.73,8.08,116,4.571999854,30.56402582,Wide,Flat
GSI 40 SERIES BINS,4024 SERIES,15,7,"3,883","25'9""","30'1""","4,732",114,102,91,7.85,9.21,134,4.571999854,30.74949946,Wide,Flat
GSI 40 SERIES BINS,4024 SERIES,15,8,"4,429","29'5""","33'9""","5,373",129,116,103,8.97,10.34,152,4.571999854,30.93426145,Wide,Flat
GSI 40 SERIES BINS,4024 SERIES,15,9,"4,976","33'1""","37'5""","6,014",144,130,116,10.08,11.47,170,4.571999854,31.30165162,Wide,Flat
GSI 40 SERIES BINS,4024 SERIES,15,10,"5,522","36'9""","41'1""","6,655",160,144,128,11.2,12.6,188,4.571999854,31.4842805,Wide,Flat
GSI 40 SERIES BINS,4024 SERIES,15,11,"6,068","40'5""","44'9""","7,297",175,158,140,12.32,13.73,207,4.571999854,31.66619915,Wide,Flat
GSI 40 SERIES BINS,4024 SERIES,15,12,"6,615","44'1""","48'5""","7,938",191,172,152,13.44,14.86,225,4.571999854,31.84740804,Wide,Flat
GSI 40 SERIES BINS,4024 SERIES,15,13,"7,161","47'9""","52'1""","8,579",206,186,165,14.55,15.99,243,4.571999854,32.2076988,Wide,Flat
GSI 40 SERIES BINS,4024 SERIES,18,3,"2,502","11'1""","16'3""","3,188",77,69,61,3.38,4.95,90,5.486399824,29.78355534,Wide,Flat
GSI 40 SERIES BINS,4024 SERIES,18,4,"3,288","14'9""","19'11""","4,111",99,89,79,4.5,6.07,116,5.486399824,29.78355534,Wide,Flat
GSI 40 SERIES BINS,4024 SERIES,18,5,"4,075","18'5""","23'7""","5,034",121,109,97,5.61,7.19,143,5.486399824,29.94063847,Wide,Flat
GSI 40 SERIES BINS,4024 SERIES,18,6,"4,862","22'1""","27'3""","5,958",143,129,114,6.73,8.31,169,5.486399824,29.94063847,Wide,Flat
GSI 40 SERIES BINS,4024 SERIES,18,7,"5,648","25'9""","30'11""","6,881",165,149,132,7.85,9.43,195,5.486399824,29.94063847,Wide,Flat
GSI 40 SERIES BINS,4024 SERIES,18,8,"6,435","29'5""","34'7""","7,804",187,169,150,8.97,10.55,221,5.486399824,29.94063847,Wide,Flat
GSI 40 SERIES BINS,4024 SERIES,18,9,"7,222","33'1""","38'3""","8,727",210,189,168,10.08,11.67,247,5.486399824,30.09722706,Wide,Flat
GSI 40 SERIES BINS,4024 SERIES,18,10,"8,009","36'9""","41'11""","9,650",232,209,185,11.2,12.79,273,5.486399824,30.09722706,Wide,Flat
GSI 40 SERIES BINS,4024 SERIES,18,11,"8,795","40'5""","45'7""","10,574",254,229,203,12.32,13.91,299,5.486399824,30.09722706,Wide,Flat
GSI 40 SERIES BINS,4024 SERIES,18,12,"9,582","44'1""","49'3""","11,497",276,249,221,13.44,15.03,326,5.486399824,30.09722706,Wide,Flat
GSI 40 SERIES BINS,4024 SERIES,18,13,"10,369","47'9""","52'11""","12,420",298,269,239,14.55,16.15,352,5.486399824,30.25332112,Wide,Flat
GSI 40 SERIES BINS,4024 SERIES,21,3,"3,482","11'1""","17'2""","4,430",106,96,85,3.38,5.23,125,6.400799795,30.03017822,Wide,Flat
GSI 40 SERIES BINS,4024 SERIES,21,4,"4,553","14'9""","20'10""","5,686",137,123,109,4.5,6.35,161,6.400799795,30.03017822,Wide,Flat
GSI 40 SERIES BINS,4024 SERIES,21,5,"5,624","18'5""","24'6""","6,943",167,150,133,5.61,7.47,197,6.400799795,30.16418507,Wide,Flat
GSI 40 SERIES BINS,4024 SERIES,21,6,"6,695","22'1""","28'2""","8,200",197,177,158,6.73,8.59,232,6.400799795,30.16418507,Wide,Flat
GSI 40 SERIES BINS,4024 SERIES,21,7,"7,765","25'9""","31'10""","9,456",227,205,182,7.85,9.71,268,6.400799795,30.16418507,Wide,Flat
GSI 40 SERIES BINS,4024 SERIES,21,8,"8,836","29'5""","35'6""","10,713",257,232,206,8.97,10.83,303,6.400799795,30.16418507,Wide,Flat
GSI 40 SERIES BINS,4024 SERIES,21,9,"9,907","33'1""","39'2""","11,969",287,259,230,10.08,11.95,339,6.400799795,30.2978286,Wide,Flat
GSI 40 SERIES BINS,4024 SERIES,21,10,"10,978","36'9""","42'10""","13,226",318,286,254,11.2,13.07,375,6.400799795,30.2978286,Wide,Flat
GSI 40 SERIES BINS,4024 SERIES,21,11,"12,048","40'5""","46'6""","14,483",348,313,278,12.32,14.19,410,6.400799795,30.2978286,Wide,Flat
GSI 40 SERIES BINS,4024 SERIES,21,12,"13,119","44'1""","50'2""","15,739",378,341,302,13.44,15.31,446,6.400799795,30.2978286,Wide,Flat
GSI 40 SERIES BINS,4024 SERIES,21,13,"14,190","47'9""","53'10""","16,996",408,368,327,14.55,16.43,481,6.400799795,30.43110884,Wide,Flat
GSI 40 SERIES BINS,4024 SERIES,24,3,"4,649","11'1""","18'0""","5,904",142,128,113,3.38,5.48,167,7.315199766,29.86215872,Wide,Flat
GSI 40 SERIES BINS,4024 SERIES,24,4,"6,048","14'9""","21'8""","7,545",181,163,145,4.5,6.6,214,7.315199766,29.86215872,Wide,Flat
GSI 40 SERIES BINS,4024 SERIES,24,5,"7,446","18'5""","25'4""","9,187",221,199,176,5.61,7.72,260,7.315199766,29.97983198,Wide,Flat
GSI 40 SERIES BINS,4024 SERIES,24,6,"8,845","22'1""","29'0""","10,828",260,234,208,6.73,8.84,307,7.315199766,29.97983198,Wide,Flat
GSI 40 SERIES BINS,4024 SERIES,24,7,"10,244","25'9""","32'8""","12,469",299,270,240,7.85,9.96,353,7.315199766,29.97983198,Wide,Flat
GSI 40 SERIES BINS,4024 SERIES,24,8,"11,642","29'5""","36'4""","14,111",339,305,271,8.97,11.08,400,7.315199766,29.97983198,Wide,Flat
GSI 40 SERIES BINS,4024 SERIES,24,9,"13,041","33'1""","40'0""","15,752",378,341,303,10.08,12.2,446,7.315199766,30.09722706,Wide,Flat
GSI 40 SERIES BINS,4024 SERIES,24,10,"14,439","36'9""","43'8""","17,393",418,376,334,11.2,13.32,493,7.315199766,30.09722706,Wide,Flat
GSI 40 SERIES BINS,4024 SERIES,24,11,"15,838","40'5""","47'4""","19,034",457,412,366,12.32,14.44,539,7.315199766,30.09722706,Wide,Flat
GSI 40 SERIES BINS,4024 SERIES,24,12,"17,236","44'1""","51'0""","20,676",496,447,397,13.44,15.56,585,7.315199766,30.09722706,Wide,Flat
GSI 40 SERIES BINS,4024 SERIES,24,13,"18,635","47'9""","54'8""","22,317",536,483,429,14.55,16.68,632,7.315199766,30.21434397,Wide,Flat
GSI 40 SERIES BINS,4024 SERIES,27,3,"6,012","11'1""","18'11""","7,622",183,165,146,3.38,5.66,216,8.229599737,28.99072368,Wide,Flat
GSI 40 SERIES BINS,4024 SERIES,27,4,"7,782","14'9""","22'7""","9,699",233,210,186,4.5,6.78,275,8.229599737,28.99072368,Wide,Flat
GSI 40 SERIES BINS,4024 SERIES,27,5,"9,552","18'5""","26'3""","11,777",283,255,226,5.61,7.9,333,8.229599737,29.09714843,Wide,Flat
GSI 40 SERIES BINS,4024 SERIES,27,6,"11,322","22'1""","29'11""","13,854",333,300,266,6.73,9.01,392,8.229599737,28.99072368,Wide,Flat
GSI 40 SERIES BINS,4024 SERIES,27,7,"13,092","25'9""","33'7""","15,931",383,345,306,7.85,10.14,451,8.229599737,29.09714843,Wide,Flat
GSI 40 SERIES BINS,4024 SERIES,27,8,"14,862","29'5""","37'3""","18,008",432,390,346,8.97,11.25,510,8.229599737,28.99072368,Wide,Flat
GSI 40 SERIES BINS,4024 SERIES,27,9,"16,632","33'1""","40'11""","20,086",482,435,386,10.08,12.37,569,8.229599737,29.09714843,Wide,Flat
GSI 40 SERIES BINS,4024 SERIES,27,10,"18,402","36'9""","44'7""","22,163",532,480,426,11.2,13.49,628,8.229599737,29.09714843,Wide,Flat
GSI 40 SERIES BINS,4024 SERIES,27,11,"20,172","40'5""","48'3""","24,240",582,525,466,12.32,14.61,686,8.229599737,29.09714843,Wide,Flat
GSI 40 SERIES BINS,4024 SERIES,27,12,"21,942","44'1""","51'11""","26,317",632,570,506,13.44,15.72,745,8.229599737,28.99072368,Wide,Flat
GSI 40 SERIES BINS,4024 SERIES,27,13,"23,712","47'9""","55'7""","28,395",682,614,545,14.55,16.87,804,8.229599737,29.41510506,Wide,Flat
GSI 40 SERIES BINS,4024 SERIES,30,3,"7,580","11'1""","19'10""","9,595",230,208,184,3.38,6.05,272,9.143999707,30.2844806,Wide,Flat
GSI 40 SERIES BINS,4024 SERIES,30,4,"9,765","14'9""","23'6""","12,160",292,263,234,4.5,7.16,344,9.143999707,30.19094284,Wide,Flat
GSI 40 SERIES BINS,4024 SERIES,30,5,"11,950","18'5""","27'2""","14,724",354,319,283,5.61,8.27,417,9.143999707,30.19094284,Wide,Flat
GSI 40 SERIES BINS,4024 SERIES,30,6,"14,135","22'1""","30'10""","17,289",415,374,332,6.73,9.38,490,9.143999707,30.09722706,Wide,Flat
GSI 40 SERIES BINS,4024 SERIES,30,7,"16,321","25'9""","34'6""","19,853",477,430,381,7.85,10.49,562,9.143999707,30.00333325,Wide,Flat
GSI 40 SERIES BINS,4024 SERIES,30,8,"18,506","29'5""","38'2""","22,418",538,485,431,8.97,11.6,635,9.143999707,29.9092614,Wide,Flat
GSI 40 SERIES BINS,4024 SERIES,30,9,"20,691","33'1""","41'10""","24,982",600,541,480,10.08,12.71,707,9.143999707,29.9092614,Wide,Flat
GSI 40 SERIES BINS,4024 SERIES,30,10,"22,876","36'9""","45'6""","27,547",661,596,529,11.2,13.82,780,9.143999707,29.81501153,Wide,Flat
GSI 40 SERIES BINS,4024 SERIES,30,11,"25,061","40'5""","49'2""","30,111",723,652,578,12.32,14.93,853,9.143999707,29.72058362,Wide,Flat
GSI 40 SERIES BINS,4024 SERIES,30,12,"27,247","44'1""","52'10""","32,676",785,707,628,13.44,16.04,925,9.143999707,29.6259777,Wide,Flat
GSI 40 SERIES BINS,4024 SERIES,30,13,"29,432","47'9""","56'6""","35,240",846,763,677,14.56,17.15,998,9.143999707,29.53119378,Wide,Flat
GSI 40 SERIES BINS,4024 SERIES,30,14,"31,617","51'5""","60'2""","37,805",908,818,726,15.68,18.26,"1,071",9.143999707,29.43623187,Wide,Flat
GSI 40 SERIES BINS,4024 SERIES,30,15,"33,802","55'1""","63'10""","40,369",969,874,776,16.8,19.37,"1,143",9.143999707,29.341092,Wide,Flat
GSI 40 SERIES BINS,4024 SERIES,30,16,"35,987","58'9""","67'6""","42,934","1,031",929,825,17.92,20.48,"1,216",9.143999707,29.24577419,Wide,Flat
GSI 40 SERIES BINS,4024 SERIES,30,17,"38,173","62'5""","71'2""","45,498","1,092",985,874,19.04,21.59,"1,288",9.143999707,29.15027847,Wide,Flat
GSI 40 SERIES BINS,4024 SERIES,30,18,"40,358","66'1""","74'10""","48,063","1,154","1,040",923,20.16,22.7,"1,361",9.143999707,29.05460488,Wide,Flat
GSI 40 SERIES BINS,4024 SERIES,30,19,"42,543","69'9""","78'6""","50,627","1,216","1,096",973,21.28,23.81,"1,434",9.143999707,28.95875344,Wide,Flat
GSI 40 SERIES BINS,4024 SERIES,30,20,"44,728","73'5""","82'2""","53,192","1,277","1,151","1,022",22.4,24.92,"1,506",9.143999707,28.86272421,Wide,Flat
GSI 40 SERIES BINS,4024 SERIES,30,21,"46,913","77'1""","85'10""","55,756","1,339","1,207","1,071",23.52,26.03,"1,579",9.143999707,28.76651723,Wide,Flat
GSI 40 SERIES BINS,4024 SERIES,33,3,"9,362","11'1""","20'8""","11,834",284,256,227,3.38,6.29,335,10.05839968,30.05457012,Wide,Flat
GSI 40 SERIES BINS,4024 SERIES,33,4,"12,006","14'9""","24'4""","14,937",359,323,287,4.5,7.42,423,10.05839968,30.13984721,Wide,Flat
GSI 40 SERIES BINS,4024 SERIES,33,5,"14,651","18'5""","28'0""","18,040",433,390,347,5.61,8.55,511,10.05839968,30.30996,Wide,Flat
GSI 40 SERIES BINS,4024 SERIES,33,6,"17,295","22'1""","31'8""","21,143",508,458,406,6.73,9.68,599,10.05839968,30.39479571,Wide,Flat
GSI 40 SERIES BINS,4024 SERIES,33,7,"19,939","25'9""","35'4""","24,246",582,525,466,7.85,10.81,687,10.05839968,30.47948431,Wide,Flat
GSI 40 SERIES BINS,4024 SERIES,33,8,"22,583","29'5""","39'0""","27,349",657,592,525,8.97,11.94,774,10.05839968,30.56402582,Wide,Flat
GSI 40 SERIES BINS,4024 SERIES,33,9,"25,227","33'1""","42'8""","30,452",731,659,585,10.08,13.07,862,10.05839968,30.73266763,Wide,Flat
GSI 40 SERIES BINS,4024 SERIES,33,10,"27,871","36'9""","46'4""","33,555",806,726,645,11.2,14.2,950,10.05839968,30.81676796,Wide,Flat
GSI 40 SERIES BINS,4024 SERIES,33,11,"30,515","40'5""","50'0""","36,658",880,793,704,12.32,15.33,"1,038",10.05839968,30.90072128,Wide,Flat
GSI 40 SERIES BINS,4024 SERIES,33,12,"33,159","44'1""","53'8""","39,761",955,860,764,13.44,16.46,"1,126",10.05839968,30.9845276,Wide,Flat
GSI 40 SERIES BINS,4024 SERIES,33,13,"35,803","47'9""","57'4""","42,864","1,029",928,823,14.56,17.59,"1,214",10.05839968,31.06818697,Wide,Flat
GSI 40 SERIES BINS,4024 SERIES,33,14,"38,447","51'5""","61'0""","45,967","1,104",995,883,15.68,18.72,"1,302",10.05839968,31.1516994,Wide,Flat
GSI 40 SERIES BINS,4024 SERIES,33,15,"41,091","55'1""","64'8""","49,070","1,178","1,062",943,16.8,19.85,"1,390",10.05839968,31.23506493,Wide,Flat
GSI 40 SERIES BINS,4024 SERIES,33,16,"43,735","58'9""","68'4""","52,174","1,253","1,129","1,002",17.92,20.98,"1,477",10.05839968,31.3182836,Wide,Flat
GSI 40 SERIES BINS,4024 SERIES,33,17,"46,380","62'5""","72'0""","55,277","1,327","1,196","1,062",19.04,22.11,"1,565",10.05839968,31.40135544,Wide,Flat
GSI 40 SERIES BINS,4024 SERIES,33,18,"49,024","66'1""","75'8""","58,380","1,402","1,263","1,122",20.16,23.24,"1,653",10.05839968,31.4842805,Wide,Flat
GSI 40 SERIES BINS,4024 SERIES,33,19,"51,668","69'9""","79'4""","61,483","1,476","1,331","1,181",21.28,24.37,"1,741",10.05839968,31.56705881,Wide,Flat
GSI 40 SERIES BINS,4024 SERIES,33,20,"54,312","73'5""","83'0""","64,586","1,551","1,398","1,241",22.4,25.5,"1,829",10.05839968,31.64969042,Wide,Flat
GSI 40 SERIES BINS,4024 SERIES,33,21,"56,956","77'1""","86'8""","67,689","1,625","1,465","1,300",23.52,26.63,"1,917",10.05839968,31.73217538,Wide,Flat
GSI 40 SERIES BINS,4024 SERIES,33,3,"11,369","11'1""","21'7""","14,350",345,311,276,3.38,6.55,406,10.05839968,32.22400833,Wide,Flat
GSI 40 SERIES BINS,4024 SERIES,33,4,"14,516","14'9""","25'3""","18,043",433,390,347,4.5,7.67,511,10.05839968,32.22400833,Wide,Flat
GSI 40 SERIES BINS,4024 SERIES,33,5,"17,662","18'5""","28'11""","21,735",522,470,418,5.61,8.79,615,10.05839968,32.30546821,Wide,Flat
GSI 40 SERIES BINS,4024 SERIES,33,6,"20,809","22'1""","32'7""","25,428",611,550,488,6.73,9.91,720,10.05839968,32.30546821,Wide,Flat
GSI 40 SERIES BINS,4024 SERIES,33,7,"23,956","25'9""","36'3""","29,121",699,630,559,7.85,11.02,825,10.05839968,32.22400833,Wide,Flat
GSI 40 SERIES BINS,4024 SERIES,33,8,"27,102","29'5""","39'11""","32,814",788,710,630,8.97,12.14,929,10.05839968,32.22400833,Wide,Flat
GSI 40 SERIES BINS,4024 SERIES,33,9,"30,249","33'1""","43'7""","36,507",877,790,701,10.08,13.26,"1,034",10.05839968,32.30546821,Wide,Flat
GSI 40 SERIES BINS,4024 SERIES,33,10,"33,396","36'9""","47'3""","40,200",965,870,772,11.2,14.38,"1,138",10.05839968,32.30546821,Wide,Flat
GSI 40 SERIES BINS,4024 SERIES,33,11,"36,542","40'5""","50'11""","43,893","1,054",950,843,12.32,15.49,"1,243",10.05839968,32.22400833,Wide,Flat
GSI 40 SERIES BINS,4024 SERIES,33,12,"39,689","44'1""","54'7""","47,586","1,143","1,030",914,13.44,16.61,"1,347",10.05839968,32.22400833,Wide,Flat
GSI 40 SERIES BINS,4024 SERIES,33,13,"42,836","47'9""","58'3""","51,279","1,231","1,110",985,14.56,17.73,"1,452",10.05839968,32.22400833,Wide,Flat
GSI 40 SERIES BINS,4024 SERIES,33,14,"45,982","51'5""","61'11""","54,971","1,320","1,190","1,056",15.68,18.85,"1,557",10.05839968,32.22400833,Wide,Flat
GSI 40 SERIES BINS,4024 SERIES,33,15,"49,129","55'1""","65'7""","58,664","1,409","1,270","1,127",16.8,19.96,"1,661",10.05839968,32.14240218,Wide,Flat
GSI 40 SERIES BINS,4024 SERIES,33,16,"52,276","58'9""","69'3""","62,357","1,497","1,349","1,198",17.92,21.08,"1,766",10.05839968,32.14240218,Wide,Flat
GSI 40 SERIES BINS,4024 SERIES,33,17,"55,422","62'5""","72'11""","66,050","1,586","1,429","1,269",19.04,22.2,"1,870",10.05839968,32.14240218,Wide,Flat
GSI 40 SERIES BINS,4024 SERIES,33,18,"58,569","66'1""","76'7""","69,743","1,675","1,509","1,340",20.16,23.32,"1,975",10.05839968,32.14240218,Wide,Flat
GSI 40 SERIES BINS,4024 SERIES,33,19,"61,716","69'9""","80'3""","73,436","1,763","1,589","1,411",21.28,24.44,"2,079",10.05839968,32.14240218,Wide,Flat
GSI 40 SERIES BINS,4024 SERIES,33,20,"64,862","73'5""","83'11""","77,129","1,852","1,669","1,482",22.4,25.56,"2,184",10.05839968,32.14240218,Wide,Flat
GSI 40 SERIES BINS,4024 SERIES,33,21,"68,009","77'1""","87'7""","80,822","1,941","1,749","1,553",23.52,26.68,"2,289",10.05839968,32.14240218,Wide,Flat
GSI 40 SERIES BINS,4024 SERIES,42,3,"16,092","11'1""","23'4""","20,256",486,438,389,3.38,7.1,574,12.80159959,30.16418507,Wide,Flat
GSI 40 SERIES BINS,4024 SERIES,42,4,"20,375","14'9""","27'0""","25,283",607,547,486,4.5,8.2,716,12.80159959,30.03017822,Wide,Flat
GSI 40 SERIES BINS,4024 SERIES,42,5,"24,658","18'5""","30'8""","30,309",728,656,582,5.61,9.32,858,12.80159959,30.09722706,Wide,Flat
GSI 40 SERIES BINS,4024 SERIES,42,6,"28,941","22'1""","34'4""","35,336",848,765,679,6.73,10.44,"1,001",12.80159959,30.09722706,Wide,Flat
GSI 40 SERIES BINS,4024 SERIES,42,7,"33,224","25'9""","38'0""","40,362",969,873,775,7.85,11.56,"1,143",12.80159959,30.09722706,Wide,Flat
GSI 40 SERIES BINS,4024 SERIES,42,8,"37,507","29'5""","41'8""","45,389","1,090",982,872,8.97,12.68,"1,285",12.80159959,30.09722706,Wide,Flat
GSI 40 SERIES BINS,4024 SERIES,42,9,"41,790","33'1""","45'4""","50,415","1,211","1,091",969,10.08,13.8,"1,428",12.80159959,30.16418507,Wide,Flat
GSI 40 SERIES BINS,4024 SERIES,42,10,"46,073","36'9""","49'0""","55,441","1,331","1,200","1,065",11.2,14.92,"1,570",12.80159959,30.16418507,Wide,Flat
GSI 40 SERIES BINS,4024 SERIES,42,11,"50,356","40'5""","52'8""","60,468","1,452","1,309","1,162",12.32,16.04,"1,712",12.80159959,30.16418507,Wide,Flat
GSI 40 SERIES BINS,4024 SERIES,42,12,"54,639","44'1""","56'4""","65,494","1,573","1,417","1,258",13.44,17.15,"1,855",12.80159959,30.09722706,Wide,Flat
GSI 40 SERIES BINS,4024 SERIES,42,13,"58,922","47'9""","60'0""","70,521","1,693","1,526","1,355",14.56,18.27,"1,997",12.80159959,30.09722706,Wide,Flat
GSI 40 SERIES BINS,4024 SERIES,42,14,"63,205","51'5""","62'8""","75,547","1,814","1,635","1,451",15.68,19.08,"2,139",12.80159959,27.9765081,Wide,Flat
GSI 40 SERIES BINS,4024 SERIES,42,15,"67,488","55'1""","66'4""","80,574","1,935","1,744","1,548",16.79,20.2,"2,282",12.80159959,28.04627771,Wide,Flat
GSI 40 SERIES BINS,4024 SERIES,42,16,"71,771","58'9""","70'0""","85,600","2,055","1,852","1,644",17.91,21.32,"2,424",12.80159959,28.04627771,Wide,Flat
GSI 40 SERIES BINS,4024 SERIES,42,17,"76,054","62'5""","73'8""","90,627","2,176","1,961","1,741",19.02,22.44,"2,566",12.80159959,28.11595691,Wide,Flat
GSI 40 SERIES BINS,4024 SERIES,42,18,"80,337","66'1""","77'4""","95,653","2,297","2,070","1,838",20.14,23.55,"2,709",12.80159959,28.04627771,Wide,Flat
GSI 40 SERIES BINS,4024 SERIES,42,19,"84,620","69'9""","81'0""","100,679","2,417","2,179","1,934",21.26,24.67,"2,851",12.80159959,28.04627771,Wide,Flat
GSI 40 SERIES BINS,4024 SERIES,42,20,"88,903","73'5""","84'8""","105,706","2,538","2,288","2,031",22.38,25.79,"2,993",12.80159959,28.04627771,Wide,Flat
GSI 40 SERIES BINS,4024 SERIES,42,21,"93,186","77'1""","88'4""","110,732","2,659","2,396","2,127",23.5,26.91,"3,136",12.80159959,28.04627771,Wide,Flat
GSI 40 SERIES BINS,4024 SERIES,48,3,"21,825","11'1""","25'1""","27,404",658,593,526,3.39,7.64,776,14.63039953,30.15582029,Wide,Flat
GSI 40 SERIES BINS,4024 SERIES,48,4,"27,419","14'9""","28'9""","33,970",816,735,653,4.5,8.76,962,14.63039953,30.21434397,Wide,Flat
GSI 40 SERIES BINS,4024 SERIES,48,5,"33,014","18'5""","32'5""","40,535",973,877,779,5.61,9.88,"1,148",14.63039953,30.27279811,Wide,Flat
GSI 40 SERIES BINS,4024 SERIES,48,6,"38,608","22'1""","36'1""","47,100","1,131","1,019",905,6.73,11,"1,334",14.63039953,30.27279811,Wide,Flat
GSI 40 SERIES BINS,4024 SERIES,48,7,"44,202","25'9""","39'9""","53,665","1,289","1,161","1,031",7.85,12.12,"1,520",14.63039953,30.27279811,Wide,Flat
GSI 40 SERIES BINS,4024 SERIES,48,8,"49,796","29'5""","43'5""","60,230","1,446","1,303","1,157",8.97,13.24,"1,706",14.63039953,30.27279811,Wide,Flat
GSI 40 SERIES BINS,4024 SERIES,48,9,"55,539","33'1""","47'1""","66,795","1,604","1,446","1,283",10.08,14.36,"1,891",14.63039953,30.33118272,Wide,Flat
GSI 40 SERIES BINS,4024 SERIES,48,10,"60,984","36'9""","50'9""","73,360","1,761","1,588","1,409",11.2,15.48,"2,077",14.63039953,30.33118272,Wide,Flat
GSI 40 SERIES BINS,4024 SERIES,48,11,"66,578","40'5""","54'5""","79,925","1,919","1,730","1,535",12.32,16.57,"2,263",14.63039953,30.15582029,Wide,Flat
GSI 40 SERIES BINS,4024 SERIES,48,12,"72,172","44'1""","58'1""","86,491","2,077","1,872","1,662",13.44,17.69,"2,449",14.63039953,30.15582029,Wide,Flat
GSI 40 SERIES BINS,4024 SERIES,48,13,"77,766","47'9""","61'9""","93,056","2,234","2,014","1,788",14.56,18.81,"2,635",14.63039953,30.15582029,Wide,Flat
GSI 40 SERIES BINS,4024 SERIES,48,14,"83,360","51'5""","64'5""","99,621","2,392","2,156","1,914",15.68,19.63,"2,821",14.63039953,28.36778571,Wide,Flat
GSI 40 SERIES BINS,4024 SERIES,48,15,"88,954","55'1""","68'1""","106,186","2,550","2,298","2,040",16.79,20.74,"3,007",14.63039953,28.36778571,Wide,Flat
GSI 40 SERIES BINS,4024 SERIES,48,16,"94,548","58'9""","71'9""","112,751","2,707","2,440","2,166",17.91,21.86,"3,193",14.63039953,28.36778571,Wide,Flat
GSI 40 SERIES BINS,4024 SERIES,48,17,"100,143","62'5""","75'5""","119,316","2,865","2,582","2,292",19.02,22.98,"3,379",14.63039953,28.42839377,Wide,Flat
GSI 40 SERIES BINS,4024 SERIES,48,18,"105,737","66'1""","79'1""","125,881","3,023","2,724","2,418",20.14,24.1,"3,565",14.63039953,28.42839377,Wide,Flat
GSI 40 SERIES BINS,4024 SERIES,48,19,"111,331","69'9""","82'9""","132,447","3,180","2,866","2,544",21.26,25.22,"3,750",14.63039953,28.42839377,Wide,Flat
GSI 40 SERIES BINS,4024 SERIES,48,20,"116,925","73'5""","86'5""","139,012","3,338","3,008","2,671",22.38,26.33,"3,936",14.63039953,28.36778571,Wide,Flat
GSI 40 SERIES BINS,4024 SERIES,48,21,"122,519","77'1""","90'1""","145,577","3,496","3,150","2,797",23.5,27.45,"4,122",14.63039953,28.36778571,Wide,Flat
GSI 40 SERIES BINS,4024 SERIES,54,3,"28,644","11'1""","25'5""","35,882",862,777,689,3.39,7.74,"1,016",16.45919947,27.8600246,Wide,Flat
GSI 40 SERIES BINS,4024 SERIES,54,4,"35,724","14'9""","29'1""","44,191","1,061",956,849,4.5,8.86,"1,251",16.45919947,27.9144148,Wide,Flat
GSI 40 SERIES BINS,4024 SERIES,54,5,"42,804","18'5""","32'9""","52,500","1,261","1,136","1,009",5.61,9.98,"1,487",16.45919947,27.96875034,Wide,Flat
GSI 40 SERIES BINS,4024 SERIES,54,6,"49,884","22'1""","36'5""","60,809","1,460","1,316","1,168",6.73,11.09,"1,722",16.45919947,27.9144148,Wide,Flat
GSI 40 SERIES BINS,4024 SERIES,54,7,"56,964","25'9""","40'1""","69,118","1,660","1,496","1,328",7.85,12.21,"1,957",16.45919947,27.9144148,Wide,Flat
GSI 40 SERIES BINS,4024 SERIES,54,8,"64,044","29'5""","43'9""","77,427","1,859","1,676","1,487",8.97,13.33,"2,192",16.45919947,27.9144148,Wide,Flat
GSI 40 SERIES BINS,4024 SERIES,54,9,"71,124","33'1""","47'5""","85,736","2,059","1,855","1,647",10.08,14.45,"2,428",16.45919947,27.96875034,Wide,Flat
GSI 40 SERIES BINS,4024 SERIES,54,10,"78,204","36'9""","51'1""","94,045","2,258","2,035","1,807",11.2,15.56,"2,663",16.45919947,27.9144148,Wide,Flat
GSI 40 SERIES BINS,4024 SERIES,54,11,"85,284","40'5""","54'9""","102,354","2,458","2,215","1,966",12.32,16.68,"2,898",16.45919947,27.9144148,Wide,Flat
GSI 40 SERIES BINS,4024 SERIES,54,12,"92,364","44'1""","58'5""","110,663","2,657","2,395","2,126",13.44,17.8,"3,134",16.45919947,27.9144148,Wide,Flat
GSI 40 SERIES BINS,4024 SERIES,54,13,"99,444","47'9""","62'1""","118,972","2,857","2,575","2,286",14.56,18.92,"3,369",16.45919947,27.9144148,Wide,Flat
GSI 40 SERIES BINS,4024 SERIES,54,14,"106,524","51'5""","65'9""","127,281","3,056","2,755","2,445",15.68,20.03,"3,604",16.45919947,27.8600246,Wide,Flat
GSI 40 SERIES BINS,4024 SERIES,54,15,"113,604","55'1""","69'5""","135,590","3,256","2,934","2,605",16.81,21.15,"3,839",16.45919947,27.80557977,Wide,Flat
GSI 40 SERIES BINS,4024 SERIES,54,16,"120,684","58'9""","73'1""","143,899","3,455","3,114","2,764",17.92,22.27,"4,075",16.45919947,27.8600246,Wide,Flat
GSI 40 SERIES BINS,4024 SERIES,54,17,"127,764","62'5""","76'9""","152,208","3,655","3,294","2,924",19.03,23.39,"4,310",16.45919947,27.9144148,Wide,Flat
GSI 40 SERIES BINS,4024 SERIES,54,18,"134,844","66'1""","80'5""","160,517","3,854","3,474","3,084",20.14,24.5,"4,545",16.45919947,27.9144148,Wide,Flat
GSI 40 SERIES BINS,4024 SERIES,54,19,"141,924","69'9""","84'1""","168,826","4,054","3,654","3,243",21.25,25.62,"4,781",16.45919947,27.96875034,Wide,Flat
GSI 40 SERIES BINS,4024 SERIES,54,20,"149,004","73'5""","87'9""","177,135","4,253","3,833","3,403",22.36,26.74,"5,016",16.45919947,28.02303122,Wide,Flat
GSI 40 SERIES BINS,4024 SERIES,54,21,"156,084","77'1""","91'5""","185,444","4,453","4,013","3,563",23.47,27.86,"5,251",16.45919947,28.07725741,Wide,Flat
GSI 40 SERIES BINS,4024 SERIES,60,3,"36,624","11'1""","27'2""","45,779","1,099",991,879,3.39,8.28,"1,296",18.28799941,28.13684304,Wide,Flat
GSI 40 SERIES BINS,4024 SERIES,60,4,"45,365","14'9""","30'10""","56,037","1,346","1,213","1,077",4.5,9.4,"1,587",18.28799941,28.18554568,Wide,Flat
GSI 40 SERIES BINS,4024 SERIES,60,5,"54,105","18'5""","34'6""","66,295","1,592","1,435","1,274",5.61,10.52,"1,877",18.28799941,28.23420399,Wide,Flat
GSI 40 SERIES BINS,4024 SERIES,60,6,"62,846","22'1""","38'2""","76,553","1,838","1,657","1,471",6.73,11.63,"2,168",18.28799941,28.18554568,Wide,Flat
GSI 40 SERIES BINS,4024 SERIES,60,7,"71,587","25'9""","41'10""","86,811","2,084","1,879","1,668",7.85,12.75,"2,458",18.28799941,28.18554568,Wide,Flat
GSI 40 SERIES BINS,4024 SERIES,60,8,"80,328","29'5""","45'6""","97,069","2,331","2,101","1,865",8.97,13.87,"2,749",18.28799941,28.18554568,Wide,Flat
GSI 40 SERIES BINS,4024 SERIES,60,9,"89,068","33'1""","49'2""","107,327","2,577","2,323","2,062",10.08,14.99,"3,039",18.28799941,28.23420399,Wide,Flat
GSI 40 SERIES BINS,4024 SERIES,60,10,"97,809","36'9""","52'10""","117,585","2,823","2,545","2,259",11.2,16.11,"3,330",18.28799941,28.23420399,Wide,Flat
GSI 40 SERIES BINS,4024 SERIES,60,11,"106,550","40'5""","56'6""","127,843","3,070","2,767","2,456",12.32,17.22,"3,620",18.28799941,28.18554568,Wide,Flat
GSI 40 SERIES BINS,4024 SERIES,60,12,"115,291","44'1""","60'2""","138,101","3,316","2,989","2,653",13.44,18.34,"3,911",18.28799941,28.18554568,Wide,Flat
GSI 40 SERIES BINS,4024 SERIES,60,13,"124,031","47'9""","63'10""","148,359","3,562","3,211","2,850",14.56,19.46,"4,201",18.28799941,28.18554568,Wide,Flat
GSI 40 SERIES BINS,4024 SERIES,60,14,"132,772","51'5""","67'6""","158,617","3,809","3,433","3,047",15.7,20.58,"4,492",18.28799941,28.08809608,Wide,Flat
GSI 40 SERIES BINS,4024 SERIES,60,15,"141,513","55'1""","71'2""","168,875","4,055","3,655","3,244",16.81,21.69,"4,782",18.28799941,28.08809608,Wide,Flat
GSI 40 SERIES BINS,4024 SERIES,60,16,"150,254","58'9""","74'10""","179,133","4,301","3,877","3,441",17.93,22.81,"5,072",18.28799941,28.08809608,Wide,Flat
GSI 40 SERIES BINS,4024 SERIES,60,17,"158,994","62'5""","78'6""","189,391","4,548","4,099","3,638",19.03,23.93,"5,363",18.28799941,28.18554568,Wide,Flat
GSI 40 SERIES BINS,4024 SERIES,60,18,"167,735","66'1""","82'2""","199,649","4,794","4,321","3,835",20.14,25.05,"5,653",18.28799941,28.23420399,Wide,Flat
GSI 40 SERIES BINS,4024 SERIES,60,19,"176,476","69'9""","85'10""","209,907","5,040","4,543","4,032",21.25,26.16,"5,944",18.28799941,28.23420399,Wide,Flat
GSI 40 SERIES BINS,4024 SERIES,60,20,"185,217","73'5""","89'6""","220,165","5,287","4,765","4,230",22.36,27.28,"6,234",18.28799941,28.28281797,Wide,Flat
GSI 40 SERIES BINS,4024 SERIES,60,21,"193,957","77'1""","93'2""","230,423","5,533","4,987","4,427",23.47,28.4,"6,525",18.28799941,28.33138759,Wide,Flat
GSI 40 SERIES BINS,4024 SERIES,72,8,"119,303","29'5""","48'0""","144,041","3,459","3,117","2,767",8.97,14.63,"4,079",21.9455993,27.28563202,Wide,Flat
GSI 40 SERIES BINS,4024 SERIES,72,9,"131,890","33'1""","51'8""","158,812","3,813","3,437","3,051",10.08,15.74,"4,497",21.9455993,27.28563202,Wide,Flat
GSI 40 SERIES BINS,4024 SERIES,72,10,"144,476","36'9""","55'4""","173,584","4,168","3,757","3,335",11.2,16.86,"4,915",21.9455993,27.28563202,Wide,Flat
GSI 40 SERIES BINS,4024 SERIES,72,11,"157,063","40'5""","59'0""","188,355","4,523","4,076","3,618",12.32,17.98,"5,334",21.9455993,27.28563202,Wide,Flat
GSI 40 SERIES BINS,4024 SERIES,72,12,"169,650","44'1""","62'8""","203,127","4,877","4,396","3,902",13.44,19.1,"5,752",21.9455993,27.28563202,Wide,Flat
GSI 40 SERIES BINS,4024 SERIES,72,13,"182,236","47'9""","66'4""","217,898","5,232","4,716","4,186",14.56,20.21,"6,170",21.9455993,27.24437401,Wide,Flat
GSI 40 SERIES BINS,4024 SERIES,72,14,"194,823","51'5""","70'0""","232,670","5,587","5,035","4,470",15.7,21.33,"6,588",21.9455993,27.16176615,Wide,Flat
GSI 40 SERIES BINS,4024 SERIES,72,15,"207,410","55'1""","73'8""","247,442","5,941","5,355","4,754",16.81,22.45,"7,007",21.9455993,27.20308539,Wide,Flat
GSI 40 SERIES BINS,4024 SERIES,72,16,"219,996","58'9""","77'4""","262,213","6,296","5,675","5,037",17.93,23.57,"7,425",21.9455993,27.20308539,Wide,Flat
GSI 40 SERIES BINS,4024 SERIES,72,17,"232,583","62'5""","81'0""","276,985","6,651","5,994","5,321",19.03,24.68,"7,843",21.9455993,27.24437401,Wide,Flat
GSI 40 SERIES BINS,4024 SERIES,72,18,"245,170","66'1""","84'8""","291,756","7,006","6,314","5,605",20.14,25.8,"8,262",21.9455993,27.28563202,Wide,Flat
GSI 40 SERIES BINS,4024 SERIES,72,19,"257,757","69'9""","88'4""","306,528","7,360","6,634","5,889",21.25,26.92,"8,690",21.9455993,27.3268594,Wide,Flat
GSI 40 SERIES BINS,4024 SERIES,72,20,"270,343","73'5""","92'0""","321,299","7,715","6,953","6,172",22.36,28.04,"9,098",21.9455993,27.36805614,Wide,Flat
GSI 40 SERIES BINS,4024 SERIES,72,21,"282,930","77'1""","95'8""","336,071","8,070","7,273","6,456",23.47,29.15,"9,516",21.9455993,27.36805614,Wide,Flat
GSI 40 SERIES BINS,4022 AND 4032 SERIES,18,12,"7,222","32'2""","37'3""","8,475",204,183,163,9.8,11.37,240,5.486399824,29.78355534,Narrow,Flat
GSI 40 SERIES BINS,4022 AND 4032 SERIES,18,13,"7,794","34'10""","39'11""","9,147",220,198,176,10.62,12.19,259,5.486399824,29.78355534,Narrow,Flat
GSI 40 SERIES BINS,4022 AND 4032 SERIES,18,14,"8,366","37'5""","42'7""","9,818",236,212,189,11.43,13,278,5.486399824,29.78355534,Narrow,Flat
GSI 40 SERIES BINS,4022 AND 4032 SERIES,18,15,"8,938","40'2""","45'3""","10,490",252,227,202,12.24,13.81,297,5.486399824,29.78355534,Narrow,Flat
GSI 40 SERIES BINS,4022 AND 4032 SERIES,18,16,"9,510","42'10""","47'11""","11,161",268,242,214,13.06,14.63,316,5.486399824,29.78355534,Narrow,Flat
GSI 40 SERIES BINS,4022 AND 4032 SERIES,18,17,"10,082","45'5""","50'7""","11,833",284,256,227,13.87,15.44,335,5.486399824,29.78355534,Narrow,Flat
GSI 40 SERIES BINS,4022 AND 4032 SERIES,18,18,"10,655","48'2""","53'3""","12,504",300,271,240,14.68,16.25,354,5.486399824,29.78355534,Narrow,Flat
GSI 40 SERIES BINS,4022 AND 4032 SERIES,21,12,"9,907","32'2""","38'2""","11,627",279,252,223,9.8,11.65,329,6.400799795,30.03017822,Narrow,Flat
GSI 40 SERIES BINS,4022 AND 4032 SERIES,21,13,"10,686","34'10""","41'10""","12,541",301,271,241,10.62,12.47,355,6.400799795,30.03017822,Narrow,Flat
GSI 40 SERIES BINS,4022 AND 4032 SERIES,21,14,"11,464","37'5""","43'6""","13,454",323,291,258,11.43,13.28,381,6.400799795,30.03017822,Narrow,Flat
GSI 40 SERIES BINS,4022 AND 4032 SERIES,21,15,"12,243","40'2""","46'2""","14,368",345,311,276,12.24,14.09,407,6.400799795,30.03017822,Narrow,Flat
GSI 40 SERIES BINS,4022 AND 4032 SERIES,21,16,"13,022","42'10""","48'10""","15,282",367,331,294,13.06,14.91,433,6.400799795,30.03017822,Narrow,Flat
GSI 40 SERIES BINS,4022 AND 4032 SERIES,21,17,"13,801","45'5""","51'6""","16,196",389,351,311,13.87,15.72,459,6.400799795,30.03017822,Narrow,Flat
GSI 40 SERIES BINS,4022 AND 4032 SERIES,21,18,"14,579","48'2""","54'2""","17,110",411,370,329,14.68,16.53,485,6.400799795,30.03017822,Narrow,Flat
GSI 40 SERIES BINS,4022 AND 4032 SERIES,21,19,"15,358","50'10""","56'10""","18,024",433,390,346,15.49,17.34,510,6.400799795,30.03017822,Narrow,Flat
GSI 40 SERIES BINS,4022 AND 4032 SERIES,21,20,"16,137","53'6""","59'6""","18,938",455,410,364,16.31,18.16,536,6.400799795,30.03017822,Narrow,Flat
GSI 40 SERIES BINS,4022 AND 4032 SERIES,21,21,"16,915","56'2""","62'2""","19,852",477,430,381,17.12,18.97,562,6.400799795,30.03017822,Narrow,Flat
GSI 40 SERIES BINS,4022 AND 4032 SERIES,21,22,"17,694","58'10""","64'10""","20,766",499,449,399,17.93,19.78,588,6.400799795,30.03017822,Narrow,Flat
GSI 40 SERIES BINS,4022 AND 4032 SERIES,24,12,"13,041","32'2""","39'0""","15,304",367,331,294,9.8,11.91,433,7.315199766,29.97983198,Narrow,Flat
GSI 40 SERIES BINS,4022 AND 4032 SERIES,24,13,"14,058","34'10""","41'8""","16,498",396,357,317,10.62,12.73,467,7.315199766,29.97983198,Narrow,Flat
GSI 40 SERIES BINS,4022 AND 4032 SERIES,24,14,"15,075","37'6""","44'4""","17,692",425,383,340,11.43,13.54,501,7.315199766,29.97983198,Narrow,Flat
GSI 40 SERIES BINS,4022 AND 4032 SERIES,24,15,"16,092","40'2""","47'0""","18,885",453,409,363,12.24,14.35,535,7.315199766,29.97983198,Narrow,Flat
GSI 40 SERIES BINS,4022 AND 4032 SERIES,24,16,"17,109","42'10""","49'8""","20,079",482,435,386,13.06,15.17,569,7.315199766,29.97983198,Narrow,Flat
GSI 40 SERIES BINS,4022 AND 4032 SERIES,24,17,"18,126","45'6""","53'4""","21,272",511,460,409,13.87,15.98,602,7.315199766,29.97983198,Narrow,Flat
GSI 40 SERIES BINS,4022 AND 4032 SERIES,24,18,"19,143","48'2""","55'0""","22,466",539,486,432,14.68,16.79,636,7.315199766,29.97983198,Narrow,Flat
GSI 40 SERIES BINS,4022 AND 4032 SERIES,24,19,"20,160","50'10""","57'8""","23,660",568,512,455,15.49,17.6,670,7.315199766,29.97983198,Narrow,Flat
GSI 40 SERIES BINS,4022 AND 4032 SERIES,24,20,"21,177","53'6""","60'4""","24,853",597,538,477,16.31,18.42,704,7.315199766,29.97983198,Narrow,Flat
GSI 40 SERIES BINS,4022 AND 4032 SERIES,24,21,"22,195","56'2""","63'0""","26,047",625,564,500,17.12,19.23,738,7.315199766,29.97983198,Narrow,Flat
GSI 40 SERIES BINS,4022 AND 4032 SERIES,24,22,"23,212","58'10""","65'8""","27,241",654,590,523,17.93,20.04,771,7.315199766,29.97983198,Narrow,Flat
GSI 40 SERIES BINS,4022 AND 4032 SERIES,24,23,"24,229","61'6""","68'4""","28,434",683,615,546,18.75,20.86,805,7.315199766,29.97983198,Narrow,Flat
GSI 40 SERIES BINS,4022 AND 4032 SERIES,24,24,"25,246","64'2""","71'0""","29,628",711,641,569,19.56,21.67,839,7.315199766,29.97983198,Narrow,Flat
GSI 40 SERIES BINS,4022 AND 4032 SERIES,24,25,"26,263","66'10""","73'8""","30,822",740,667,592,20.37,22.48,873,7.315199766,29.97983198,Narrow,Flat
GSI 40 SERIES BINS,4022 AND 4032 SERIES,24,26,"27,280","69'6""","76'4""","32,015",769,693,615,21.19,23.29,907,7.315199766,29.86215872,Narrow,Flat
GSI 40 SERIES BINS,4022 AND 4032 SERIES,24,27,"28,297","72'2""","79'0""","33,209",791,719,638,22,24.11,940,7.315199766,29.97983198,Narrow,Flat
GSI 40 SERIES BINS,4022 AND 4032 SERIES,27,12,"16,632","32'2""","39'11""","19,519",469,422,375,9.8,12.19,553,8.229599737,30.14931336,Narrow,Flat
GSI 40 SERIES BINS,4022 AND 4032 SERIES,27,13,"17,919","34'10""","42'7""","21,030",505,455,404,10.62,13.01,596,8.229599737,30.14931336,Narrow,Flat
GSI 40 SERIES BINS,4022 AND 4032 SERIES,27,14,"19,207","37'6""","45'3""","22,541",541,488,433,11.43,13.82,638,8.229599737,30.14931336,Narrow,Flat
GSI 40 SERIES BINS,4022 AND 4032 SERIES,27,15,"20,494","40'2""","47'11""","24,051",578,520,462,12.24,14.63,681,8.229599737,30.14931336,Narrow,Flat
GSI 40 SERIES BINS,4022 AND 4032 SERIES,27,16,"21,781","42'10""","50'7""","25,562",614,553,491,13.06,15.45,724,8.229599737,30.14931336,Narrow,Flat
GSI 40 SERIES BINS,4022 AND 4032 SERIES,27,17,"23,068","45'6""","53'3""","27,073",650,586,520,13.87,16.26,767,8.229599737,30.14931336,Narrow,Flat
GSI 40 SERIES BINS,4022 AND 4032 SERIES,27,18,"24,356","48'2""","55'11""","28,584",686,619,549,14.68,17.07,809,8.229599737,30.14931336,Narrow,Flat
GSI 40 SERIES BINS,4022 AND 4032 SERIES,27,19,"25,643","50'10""","58'7""","30,094",723,651,578,15.49,17.88,852,8.229599737,30.14931336,Narrow,Flat
GSI 40 SERIES BINS,4022 AND 4032 SERIES,27,20,"26,930","53'6""","61'3""","31,605",759,684,607,16.31,18.7,895,8.229599737,30.14931336,Narrow,Flat
GSI 40 SERIES BINS,4022 AND 4032 SERIES,27,21,"28,218","56'2""","63'11""","33,116",795,717,636,17.12,19.51,938,8.229599737,30.14931336,Narrow,Flat
GSI 40 SERIES BINS,4022 AND 4032 SERIES,27,22,"29,505","58'10""","66'7""","34,626",831,749,665,17.93,20.32,981,8.229599737,30.14931336,Narrow,Flat
GSI 40 SERIES BINS,4022 AND 4032 SERIES,27,23,"30,792","61'6""","69'3""","36,137",868,782,694,18.75,21.14,"1,023",8.229599737,30.14931336,Narrow,Flat
GSI 40 SERIES BINS,4022 AND 4032 SERIES,27,24,"32,079","64'2""","71'11""","37,648",904,815,723,19.56,21.95,"1,066",8.229599737,30.14931336,Narrow,Flat
GSI 40 SERIES BINS,4022 AND 4032 SERIES,27,25,"33,367","66'10""","74'7""","39,159",940,847,752,20.37,22.76,"1,109",8.229599737,30.14931336,Narrow,Flat
GSI 40 SERIES BINS,4022 AND 4032 SERIES,27,26,"34,654","69'6""","77'3""","40,669",977,880,781,21.18,23.57,"1,152",8.229599737,30.14931336,Narrow,Flat
GSI 40 SERIES BINS,4022 AND 4032 SERIES,27,27,"35,941","72'2""","79'11""","42,180","1,013",913,810,22,24.39,"1,194",8.229599737,30.14931336,Narrow,Flat
GSI 40 SERIES BINS,4022 AND 4032 SERIES,27,28,"37,229","74'10""","82'7""","43,691","1,049",945,839,22.81,25.2,"1,237",8.229599737,30.14931336,Narrow,Flat
GSI 40 SERIES BINS,4022 AND 4032 SERIES,27,29,"38,516","77'6""","85'3""","45,202","1,085",978,868,23.63,26.01,"1,280",8.229599737,30.04508581,Narrow,Flat
GSI 40 SERIES BINS,4022 AND 4032 SERIES,27,30,"39,803","80'2""","87'11""","46,712","1,122","1,011",897,24.44,26.83,"1,323",8.229599737,30.14931336,Narrow,Flat
GSI 40 SERIES BINS,4022 AND 4032 SERIES,30,12,"20,691","32'2""","40'10""","24,283",583,526,466,9.8,12.44,688,9.143999707,30.00333325,Narrow,Flat
GSI 40 SERIES BINS,4022 AND 4032 SERIES,30,13,"22,280","34'10""","43'6""","26,148",628,566,502,10.62,13.26,740,9.143999707,30.00333325,Narrow,Flat
GSI 40 SERIES BINS,4022 AND 4032 SERIES,30,14,"23,870","37'6""","46'2""","28,013",673,606,538,11.43,14.07,793,9.143999707,30.00333325,Narrow,Flat
GSI 40 SERIES BINS,4022 AND 4032 SERIES,30,15,"25,459","40'2""","48'10""","29,878",717,647,574,12.24,14.88,846,9.143999707,30.00333325,Narrow,Flat
GSI 40 SERIES BINS,4022 AND 4032 SERIES,30,16,"27,048","42'10""","51'6""","31,743",762,687,610,13.06,15.7,899,9.143999707,30.00333325,Narrow,Flat
GSI 40 SERIES BINS,4022 AND 4032 SERIES,30,17,"28,637","45'6""","54'2""","33,608",807,727,646,13.87,16.51,952,9.143999707,30.00333325,Narrow,Flat
GSI 40 SERIES BINS,4022 AND 4032 SERIES,30,18,"30,226","48'2""","56'10""","35,473",852,768,681,14.68,17.32,"1,004",9.143999707,30.00333325,Narrow,Flat
GSI 40 SERIES BINS,4022 AND 4032 SERIES,30,19,"31,816","50'10""","59'6""","37,338",897,808,717,15.49,18.13,"1,057",9.143999707,30.00333325,Narrow,Flat
GSI 40 SERIES BINS,4022 AND 4032 SERIES,30,20,"33,405","53'6""","62'2""","39,203",941,848,753,16.31,18.95,"1,110",9.143999707,30.00333325,Narrow,Flat
GSI 40 SERIES BINS,4022 AND 4032 SERIES,30,21,"34,994","56'2""","64'10""","41,069",986,889,789,17.12,19.76,"1,163",9.143999707,30.00333325,Narrow,Flat
GSI 40 SERIES BINS,4022 AND 4032 SERIES,30,22,"36,583","58'10""","67'6""","42,934","1,031",929,825,17.93,20.57,"1,216",9.143999707,30.00333325,Narrow,Flat
GSI 40 SERIES BINS,4022 AND 4032 SERIES,30,23,"38,173","61'6""","70'2""","44,799","1,076",969,861,18.75,21.39,"1,269",9.143999707,30.00333325,Narrow,Flat
GSI 40 SERIES BINS,4022 AND 4032 SERIES,30,24,"39,762","64'2""","72'10""","46,664","1,120","1,010",896,19.56,22.2,"1,321",9.143999707,30.00333325,Narrow,Flat
GSI 40 SERIES BINS,4022 AND 4032 SERIES,30,25,"41,351","66'10""","75'6""","48,529","1,165","1,050",932,20.37,23.01,"1,374",9.143999707,30.00333325,Narrow,Flat
GSI 40 SERIES BINS,4022 AND 4032 SERIES,30,26,"42,940","69'6""","78'2""","50,394","1,210","1,091",968,21.18,23.82,"1,427",9.143999707,30.00333325,Narrow,Flat
GSI 40 SERIES BINS,4022 AND 4032 SERIES,30,27,"44,529","72'2""","80'10""","52,259","1,255","1,131","1,004",22,24.64,"1,480",9.143999707,30.00333325,Narrow,Flat
GSI 40 SERIES BINS,4022 AND 4032 SERIES,30,28,"46,119","74'10""","83'6""","54,124","1,300","1,171","1,040",22.81,25.45,"1,533",9.143999707,30.00333325,Narrow,Flat
GSI 40 SERIES BINS,4022 AND 4032 SERIES,30,29,"47,708","77'6""","86'2""","55,989","1,344","1,212","1,076",23.62,26.26,"1,585",9.143999707,30.00333325,Narrow,Flat
GSI 40 SERIES BINS,4022 AND 4032 SERIES,30,30,"49,297","80'2""","88'10""","57,854","1,389","1,252","1,111",24.43,27.07,"1,638",9.143999707,30.00333325,Narrow,Flat
GSI 40 SERIES BINS,4022 AND 4032 SERIES,30,31,"50,886","82'10""","91'6""","59,720","1,434","1,292","1,147",25.24,27.88,"1,691",9.143999707,30.00333325,Narrow,Flat
GSI 40 SERIES BINS,4022 AND 4032 SERIES,30,32,"52,476","85'6""","94'2""","61,585","1,479","1,333","1,183",26.06,28.7,"1,744",9.143999707,30.00333325,Narrow,Flat
GSI 40 SERIES BINS,4022 AND 4032 SERIES,33,12,"25,227","32'2""","41'8""","29,606",711,641,568,9.8,12.72,837,10.05839968,30.13984721,Narrow,Flat
GSI 40 SERIES BINS,4022 AND 4032 SERIES,33,13,"27,150","34'10""","44'4""","31,863",765,690,611,10.62,13.54,900,10.05839968,30.13984721,Narrow,Flat
GSI 40 SERIES BINS,4022 AND 4032 SERIES,33,14,"29,073","37'6""","47'0""","34,120",819,739,654,11.43,14.35,963,10.05839968,30.13984721,Narrow,Flat
GSI 40 SERIES BINS,4022 AND 4032 SERIES,33,15,"30,996","40'2""","49'8""","36,377",873,788,697,12.24,15.16,"1,026",10.05839968,30.13984721,Narrow,Flat
GSI 40 SERIES BINS,4022 AND 4032 SERIES,33,16,"32,919","42'10""","52'4""","38,634",927,837,740,13.06,15.98,"1,089",10.05839968,30.13984721,Narrow,Flat
GSI 40 SERIES BINS,4022 AND 4032 SERIES,33,17,"34,842","45'6""","55'0""","40,891",981,886,783,13.87,16.79,"1,152",10.05839968,30.13984721,Narrow,Flat
GSI 40 SERIES BINS,4022 AND 4032 SERIES,33,18,"36,765","48'2""","57'8""","43,148","1,035",935,826,14.68,17.6,"1,215",10.05839968,30.13984721,Narrow,Flat
GSI 40 SERIES BINS,4022 AND 4032 SERIES,33,19,"38,688","50'10""","60'4""","45,405","1,089",984,869,15.49,18.41,"1,278",10.05839968,30.13984721,Narrow,Flat
GSI 40 SERIES BINS,4022 AND 4032 SERIES,33,20,"40,611","53'6""","63'0""","47,662","1,143","1,033",912,16.31,19.23,"1,341",10.05839968,30.13984721,Narrow,Flat
GSI 40 SERIES BINS,4022 AND 4032 SERIES,33,21,"42,534","56'2""","65'8""","49,919","1,197","1,082",955,17.12,20.04,"1,404",10.05839968,30.13984721,Narrow,Flat
GSI 40 SERIES BINS,4022 AND 4032 SERIES,33,22,"44,457","58'10""","68'4""","52,176","1,251","1,131",998,17.93,20.85,"1,467",10.05839968,30.13984721,Narrow,Flat
GSI 40 SERIES BINS,4022 AND 4032 SERIES,33,23,"46,380","61'6""","71'0""","54,433","1,305","1,180","1,041",18.75,21.67,"1,530",10.05839968,30.13984721,Narrow,Flat
GSI 40 SERIES BINS,4022 AND 4032 SERIES,33,24,"48,303","64'2""","73'8""","56,690","1,359","1,229","1,084",19.56,22.48,"1,593",10.05839968,30.13984721,Narrow,Flat
GSI 40 SERIES BINS,4022 AND 4032 SERIES,33,25,"50,226","66'10""","76'4""","58,947","1,413","1,278","1,127",20.37,23.29,"1,656",10.05839968,30.13984721,Narrow,Flat
GSI 40 SERIES BINS,4022 AND 4032 SERIES,33,26,"52,149","69'6""","79'0""","61,204","1,467","1,327","1,170",21.18,24.1,"1,719",10.05839968,30.13984721,Narrow,Flat
GSI 40 SERIES BINS,4022 AND 4032 SERIES,33,27,"54,072","72'2""","81'8""","63,461","1,521","1,376","1,213",22,24.92,"1,782",10.05839968,30.13984721,Narrow,Flat
GSI 40 SERIES BINS,4022 AND 4032 SERIES,33,28,"55,995","74'10""","84'4""","65,718","1,575","1,425","1,256",22.81,25.73,"1,845",10.05839968,30.13984721,Narrow,Flat
GSI 40 SERIES BINS,4022 AND 4032 SERIES,33,29,"57,918","77'6""","87'0""","67,975","1,629","1,474","1,299",23.62,26.54,"1,908",10.05839968,30.13984721,Narrow,Flat
GSI 40 SERIES BINS,4022 AND 4032 SERIES,33,30,"59,841","80'2""","89'8""","70,232","1,683","1,523","1,342",24.43,27.35,"1,971",10.05839968,30.13984721,Narrow,Flat
GSI 40 SERIES BINS,4022 AND 4032 SERIES,33,31,"61,764","82'10""","92'4""","72,489","1,737","1,572","1,385",25.25,28.17,"2,034",10.05839968,30.13984721,Narrow,Flat
GSI 40 SERIES BINS,4022 AND 4032 SERIES,33,32,"63,687","85'6""","95'0""","74,746","1,791","1,621","1,428",26.06,28.98,"2,097",10.05839968,30.13984721,Narrow,Flat
GSI 40 SERIES BINS,4022 AND 4032 SERIES,36,12,"30,249","32'2""","42'7""","35,500",852,768,682,9.8,12.98,"1,005",10.97279965,30.09722706,Narrow,Flat
GSI 40 SERIES BINS,4022 AND 4032 SERIES,36,13,"32,538","34'10""","45'3""","38,186",917,826,734,10.62,13.8,"1,081",10.97279965,30.09722706,Narrow,Flat
GSI 40 SERIES BINS,4022 AND 4032 SERIES,36,14,"34,826","37'6""","47'11""","40,871",981,885,785,11.43,14.61,"1,157",10.97279965,30.09722706,Narrow,Flat
GSI 40 SERIES BINS,4022 AND 4032 SERIES,36,15,"37,114","40'2""","50'7""","43,557","1,046",943,837,12.24,15.42,"1,233",10.97279965,30.09722706,Narrow,Flat
GSI 40 SERIES BINS,4022 AND 4032 SERIES,36,16,"39,403","42'10""","53'3""","46,243","1,110","1,001",888,13.06,16.24,"1,309",10.97279965,30.09722706,Narrow,Flat
GSI 40 SERIES BINS,4022 AND 4032 SERIES,36,17,"41,691","45'6""","55'11""","48,928","1,175","1,059",940,13.87,17.05,"1,386",10.97279965,30.09722706,Narrow,Flat
GSI 40 SERIES BINS,4022 AND 4032 SERIES,36,18,"43,980","48'2""","58'7""","51,614","1,239","1,117",992,14.68,17.86,"1,462",10.97279965,30.09722706,Narrow,Flat
GSI 40 SERIES BINS,4022 AND 4032 SERIES,36,19,"46,268","50'10""","61'3""","54,300","1,304","1,175","1,043",15.49,18.67,"1,538",10.97279965,30.09722706,Narrow,Flat
GSI 40 SERIES BINS,4022 AND 4032 SERIES,36,20,"48,557","53'6""","63'11""","56,986","1,368","1,233","1,095",16.31,19.49,"1,614",10.97279965,30.09722706,Narrow,Flat
GSI 40 SERIES BINS,4022 AND 4032 SERIES,36,21,"50,845","56'2""","66'7""","59,671","1,433","1,291","1,146",17.12,20.3,"1,690",10.97279965,30.09722706,Narrow,Flat
GSI 40 SERIES BINS,4022 AND 4032 SERIES,36,22,"53,134","58'10""","69'3""","62,357","1,497","1,349","1,198",17.93,21.11,"1,766",10.97279965,30.09722706,Narrow,Flat
GSI 40 SERIES BINS,4022 AND 4032 SERIES,36,23,"55,422","61'6""","71'11""","65,043","1,562","1,408","1,250",18.75,21.93,"1,842",10.97279965,30.09722706,Narrow,Flat
GSI 40 SERIES BINS,4022 AND 4032 SERIES,36,24,"57,711","64'2""","74'7""","67,729","1,626","1,466","1,301",19.56,22.74,"1,918",10.97279965,30.09722706,Narrow,Flat
GSI 40 SERIES BINS,4022 AND 4032 SERIES,36,25,"59,999","66'10""","77'3""","70,414","1,691","1,524","1,353",20.37,23.55,"1,994",10.97279965,30.09722706,Narrow,Flat
GSI 40 SERIES BINS,4022 AND 4032 SERIES,36,26,"62,288","69'6""","79'11""","73,100","1,755","1,582","1,404",21.18,24.36,"2,070",10.97279965,30.09722706,Narrow,Flat
GSI 40 SERIES BINS,4022 AND 4032 SERIES,36,27,"64,576","72'2""","85'7""","75,786","1,820","1,640","1,456",22,25.18,"2,146",10.97279965,30.09722706,Narrow,Flat
GSI 40 SERIES BINS,4022 AND 4032 SERIES,36,28,"66,865","74'10""","85'3""","78,482","1,884","1,698","1,507",22.81,25.99,"2,222",10.97279965,30.09722706,Narrow,Flat
GSI 40 SERIES BINS,4022 AND 4032 SERIES,36,29,"69,153","77'6""","87'11""","81,157","1,949","1,756","1,559",23.62,26.8,"2,298",10.97279965,30.09722706,Narrow,Flat
GSI 40 SERIES BINS,4022 AND 4032 SERIES,36,30,"71,442","80'2""","90'7""","83,843","2,013","1,814","1,611",24.43,27.61,"2,374",10.97279965,30.09722706,Narrow,Flat
GSI 40 SERIES BINS,4022 AND 4032 SERIES,36,31,"73,730","82'10""","93'3""","86,529","2,078","1,873","1,662",25.24,28.42,"2,450",10.97279965,30.09722706,Narrow,Flat
GSI 40 SERIES BINS,4022 AND 4032 SERIES,36,32,"76,019","85'6""","95'11""","89,215","2,142","1,931","1,714",26.06,29.23,"2,526",10.97279965,30.01899458,Narrow,Flat
GSI 40 SERIES BINS,4022 AND 4032 SERIES,42,12,"41,790","32'2""","44'4""","49,044","1,178","1,061",942,9.8,13.49,"1,389",12.80159959,29.96303854,Narrow,Flat
GSI 40 SERIES BINS,4022 AND 4032 SERIES,42,13,"44,905","34'10""","47'0""","52,700","1,265","1,140","1,012",10.62,14.31,"1,492",12.80159959,29.96303854,Narrow,Flat
GSI 40 SERIES BINS,4022 AND 4032 SERIES,42,14,"48,020","37'6""","49'8""","56,355","1,353","1,220","1,083",11.43,15.12,"1,596",12.80159959,29.96303854,Narrow,Flat
GSI 40 SERIES BINS,4022 AND 4032 SERIES,42,15,"51,135","40'2""","52'4""","60,011","1,441","1,299","1,153",12.24,15.93,"1,699",12.80159959,29.96303854,Narrow,Flat
GSI 40 SERIES BINS,4022 AND 4032 SERIES,42,16,"54,250","42'10""","54'0""","63,667","1,529","1,378","1,223",13.06,16.44,"1,803",12.80159959,27.83669779,Narrow,Flat
GSI 40 SERIES BINS,4022 AND 4032 SERIES,42,17,"57,365","45'6""","56'8""","67,322","1,617","1,457","1,293",13.87,17.25,"1,906",12.80159959,27.83669779,Narrow,Flat
GSI 40 SERIES BINS,4022 AND 4032 SERIES,42,18,"60,479","48'2""","59'4""","70,978","1,704","1,536","1,364",14.68,18.06,"2,010",12.80159959,27.83669779,Narrow,Flat
GSI 40 SERIES BINS,4022 AND 4032 SERIES,42,19,"63,594","50'10""","62'0""","74,633","1,792","1,615","1,434",15.49,18.88,"2,113",12.80159959,27.90664812,Narrow,Flat
GSI 40 SERIES BINS,4022 AND 4032 SERIES,42,20,"66,709","53'6""","64'8""","78,289","1,880","1,694","1,504",16.31,19.69,"2,217",12.80159959,27.83669779,Narrow,Flat
GSI 40 SERIES BINS,4022 AND 4032 SERIES,42,21,"69,824","56'2""","67'4""","81,944","1,968","1,773","1,574",17.12,20.5,"2,320",12.80159959,27.83669779,Narrow,Flat
GSI 40 SERIES BINS,4022 AND 4032 SERIES,42,22,"72,939","58'10""","70'0""","85,600","2,055","1,852","1,644",17.93,21.31,"2,424",12.80159959,27.83669779,Narrow,Flat
GSI 40 SERIES BINS,4022 AND 4032 SERIES,42,23,"76,054","61'6""","72'8""","89,256","2,143","1,932","1,715",18.75,22.13,"2,527",12.80159959,27.83669779,Narrow,Flat
GSI 40 SERIES BINS,4022 AND 4032 SERIES,42,24,"79,169","64'2""","75'4""","92,911","2,231","2,011","1,785",19.56,22.94,"2,631",12.80159959,27.83669779,Narrow,Flat
GSI 40 SERIES BINS,4022 AND 4032 SERIES,42,25,"82,284","66'10""","78""0""","96,567","2,319","2,090","1,855",20.37,23.75,"2,734",12.80159959,27.83669779,Narrow,Flat
GSI 40 SERIES BINS,4022 AND 4032 SERIES,42,26,"85,399","69'6""","80'8""","100,222","2,406","2,169","1,925",21.18,24.57,"2,838",12.80159959,27.90664812,Narrow,Flat
GSI 40 SERIES BINS,4022 AND 4032 SERIES,42,27,"88,513","72'2""","83'4""","103,878","2,494","2,248","1,996",22,25.38,"2,941",12.80159959,27.83669779,Narrow,Flat
GSI 40 SERIES BINS,4022 AND 4032 SERIES,42,28,"91,628","74'10""","86'0""","107,534","2,582","2,327","2,066",22.81,26.19,"3,045",12.80159959,27.83669779,Narrow,Flat
GSI 40 SERIES BINS,4022 AND 4032 SERIES,42,29,"94,743","77'6""","88'8""","111,189","2,670","2,406","2,136",23.62,27,"3,149",12.80159959,27.83669779,Narrow,Flat
GSI 40 SERIES BINS,4022 AND 4032 SERIES,42,30,"97,858","80'2""","91'4""","114,845","2,758","2,485","2,206",24.43,27.82,"3,252",12.80159959,27.90664812,Narrow,Flat
GSI 40 SERIES BINS,4022 AND 4032 SERIES,42,31,"100,973","82'10""","94'0""","118,500","2,845","2,564","2,276",25.25,28.63,"3,356",12.80159959,27.83669779,Narrow,Flat
GSI 40 SERIES BINS,4022 AND 4032 SERIES,48,12,"55,390","32'2""","46'1""","65,005","1,561","1,407","1,249",9.8,14.03,"1,841",14.63039953,30.03856429,Narrow,Flat
GSI 40 SERIES BINS,4022 AND 4032 SERIES,48,13,"59,458","34'10""","48'9""","69,779","1,676","1,510","1,341",10.62,14.84,"1,976",14.63039953,29.97983198,Narrow,Flat
GSI 40 SERIES BINS,4022 AND 4032 SERIES,48,14,"63,527","37'6""","51'5""","74,554","1,790","1,613","1,432",11.43,15.66,"2,111",14.63039953,30.03856429,Narrow,Flat
GSI 40 SERIES BINS,4022 AND 4032 SERIES,48,15,"67,595","40'2""","53'1""","79,329","1,905","1,717","1,524",12.24,16.17,"2,246",14.63039953,28.24636164,Narrow,Flat
GSI 40 SERIES BINS,4022 AND 4032 SERIES,48,16,"71,664","42'10""","55'9""","84,103","2,019","1,820","1,616",13.06,16.98,"2,382",14.63039953,28.18554568,Narrow,Flat
GSI 40 SERIES BINS,4022 AND 4032 SERIES,48,17,"75,732","45'6""","58'5""","88,878","2,134","1,923","1,707",13.87,17.8,"2,517",14.63039953,28.24636164,Narrow,Flat
GSI 40 SERIES BINS,4022 AND 4032 SERIES,48,18,"79,800","48'2""","61'1""","93,653","2,249","2,027","1,799",14.68,18.61,"2,652",14.63039953,28.24636164,Narrow,Flat
GSI 40 SERIES BINS,4022 AND 4032 SERIES,48,19,"83,869","50'10""","63'9""","98,427","2,363","2,130","1,891",15.49,19.42,"2,787",14.63039953,28.24636164,Narrow,Flat
GSI 40 SERIES BINS,4022 AND 4032 SERIES,48,20,"87,937","53'6""","66'5""","103,202","2,478","2,233","1,983",16.31,20.23,"2,922",14.63039953,28.18554568,Narrow,Flat
GSI 40 SERIES BINS,4022 AND 4032 SERIES,48,21,"92,006","56'2""","69'1""","107,977","2,593","2,337","2,074",17.12,21.05,"3,058",14.63039953,28.24636164,Narrow,Flat
GSI 40 SERIES BINS,4022 AND 4032 SERIES,48,22,"96,074","58'10""","71'9""","112,751","2,707","2,440","2,166",17.93,21.86,"3,193",14.63039953,28.24636164,Narrow,Flat
GSI 40 SERIES BINS,4022 AND 4032 SERIES,48,23,"100,143","61'6""","74'5""","117,526","2,822","2,543","2,258",18.75,22.67,"3,328",14.63039953,28.18554568,Narrow,Flat
GSI 40 SERIES BINS,4022 AND 4032 SERIES,48,24,"104,211","64'2""","77'1""","122,300","2,937","2,647","2,349",19.56,23.48,"3,463",14.63039953,28.18554568,Narrow,Flat
GSI 40 SERIES BINS,4022 AND 4032 SERIES,48,25,"108,279","66'10""","79'9""","127,075","3,051","2,750","2,441",20.37,24.3,"3,598",14.63039953,28.24636164,Narrow,Flat
GSI 40 SERIES BINS,4022 AND 4032 SERIES,48,26,"112,348","69'6""","82'5""","131,850","3,166","2,853","2,533",21.18,25.11,"3,734",14.63039953,28.24636164,Narrow,Flat
GSI 40 SERIES BINS,4022 AND 4032 SERIES,48,27,"116,416","72'2""","85'1""","133,624","3,281","2,957","2,625",22,25.92,"3,859",14.63039953,28.18554568,Narrow,Flat
GSI 40 SERIES BINS,4022 AND 4032 SERIES,48,28,"120,485","74'10""","87'9""","141,399","3,395","3,060","2,716",22.81,26.74,"4,004",14.63039953,28.24636164,Narrow,Flat
GSI 40 SERIES BINS,4022 AND 4032 SERIES,48,29,"124,553","77'6""","90'5""","146,174","3,510","3,163","2,808",23.62,27.55,"4,139",14.63039953,28.24636164,Narrow,Flat
GSI 40 SERIES BINS,4022 AND 4032 SERIES,48,30,"128,622","80'2""","93'1""","150,948","3,625","3,267","2,900",24.43,28.36,"4,274",14.63039953,28.24636164,Narrow,Flat
GSI 40 SERIES BINS,4022 AND 4032 SERIES,48,31,"132,690","82'10""","95'9""","155,723","3,739","3,370","2,992",25.25,29.17,"4,410",14.63039953,28.18554568,Narrow,Flat
GSI 40 SERIES BINS,4022 AND 4032 SERIES,48,32,"136,758","85'6""","98'5""","160,498","3,854","3,473","3,083",26.06,29.99,"4,545",14.63039953,28.24636164,Narrow,Flat
GSI 40 SERIES BINS,4022 AND 4032 SERIES,54,12,"71,124","32'2""","46'5""","83,470","2,004","1,806","1,604",9.8,14.14,"2,364",16.45919947,27.80557977,Narrow,Flat
GSI 40 SERIES BINS,4022 AND 4032 SERIES,54,13,"76,273","34'10""","49'1""","89,513","2,149","1,937","1,720",10.62,14.95,"2,535",16.45919947,27.75108031,Narrow,Flat
GSI 40 SERIES BINS,4022 AND 4032 SERIES,54,14,"81,422","37'6""","51'9""","95,556","2,294","2,068","1,836",11.43,15.76,"2,706",16.45919947,27.75108031,Narrow,Flat
GSI 40 SERIES BINS,4022 AND 4032 SERIES,54,15,"86,571","40'2""","54'5""","101,599","2,440","2,199","1,952",12.24,16.58,"2,877",16.45919947,27.80557977,Narrow,Flat
GSI 40 SERIES BINS,4022 AND 4032 SERIES,54,16,"91,720","42'10""","57'1""","107,642","2,585","2,329","2,068",13.06,17.39,"3,048",16.45919947,27.75108031,Narrow,Flat
GSI 40 SERIES BINS,4022 AND 4032 SERIES,54,17,"96,870","45'6""","59'9""","113,685","2,730","2,460","2,184",13.87,18.2,"3,219",16.45919947,27.75108031,Narrow,Flat
GSI 40 SERIES BINS,4022 AND 4032 SERIES,54,18,"102,019","48'2""","62'5""","119,728","2,875","2,591","2,300",14.68,19.01,"3,390",16.45919947,27.75108031,Narrow,Flat
GSI 40 SERIES BINS,4022 AND 4032 SERIES,54,19,"107,168","50'10""","65'1""","125,771","3,020","2,722","2,416",15.49,19.83,"3,561",16.45919947,27.80557977,Narrow,Flat
GSI 40 SERIES BINS,4022 AND 4032 SERIES,54,20,"112,317","53'6""","67'9""","131,813","3,165","2,853","2,532",16.31,20.64,"3,733",16.45919947,27.75108031,Narrow,Flat
GSI 40 SERIES BINS,4022 AND 4032 SERIES,54,21,"117,466","56'2""","70'5""","137,856","3,310","2,983","2,648",17.12,21.45,"3,904",16.45919947,27.75108031,Narrow,Flat
GSI 40 SERIES BINS,4022 AND 4032 SERIES,54,22,"122,615","58'10""","73'1""","143,899","3,455","3,114","2,764",17.93,22.27,"4,075",16.45919947,27.80557977,Narrow,Flat
GSI 40 SERIES BINS,4022 AND 4032 SERIES,54,23,"127,764","61'6""","75'9""","149,942","3,600","3,245","2,880",18.75,23.08,"4,246",16.45919947,27.75108031,Narrow,Flat
GSI 40 SERIES BINS,4022 AND 4032 SERIES,54,24,"132,913","64'2""","78'5""","155,985","3,745","3,376","2,997",19.56,23.89,"4,417",16.45919947,27.75108031,Narrow,Flat
GSI 40 SERIES BINS,4022 AND 4032 SERIES,54,25,"138,062","66'10""","81'1""","162,028","3,891","3,506","3,113",20.37,24.7,"4,588",16.45919947,27.75108031,Narrow,Flat
GSI 40 SERIES BINS,4022 AND 4032 SERIES,54,26,"143,212","69'6""","83'9""","168,071","4,036","3,637","3,229",21.18,25.52,"4,759",16.45919947,27.80557977,Narrow,Flat
GSI 40 SERIES BINS,4022 AND 4032 SERIES,54,27,"148,362","72'2""","86'5""","174,114","4,181","3,768","3,345",22,26.33,"4,930",16.45919947,27.75108031,Narrow,Flat
GSI 40 SERIES BINS,4022 AND 4032 SERIES,54,28,"153,510","74'10""","89'1""","180,157","4,326","3,899","3,461",22.81,27.14,"5,101",16.45919947,27.75108031,Narrow,Flat
GSI 40 SERIES BINS,4022 AND 4032 SERIES,54,29,"158,659","77'6""","91'9""","186,200","4,471","4,030","3,577",23.62,27.96,"5,273",16.45919947,27.80557977,Narrow,Flat
GSI 40 SERIES BINS,4022 AND 4032 SERIES,54,30,"163,808","80'2""","94'5""","192,243","4,616","4,160","3,693",24.43,28.77,"5,444",16.45919947,27.80557977,Narrow,Flat
GSI 40 SERIES BINS,4022 AND 4032 SERIES,54,31,"168,957","82'10""","97'1""","198,285","4,761","4,291","3,809",25.25,29.58,"5,615",16.45919947,27.75108031,Narrow,Flat
GSI 40 SERIES BINS,4022 AND 4032 SERIES,54,32,"174,106","85'6""","99'9""","204,328","4,906","4,422","3,925",26.06,30.39,"5,786",16.45919947,27.75108031,Narrow,Flat
GSI 40 SERIES BINS,4022 AND 4032 SERIES,54,33,"179,255","88'2""","102'5""","210,371","5,051","4,553","4,041",26.87,31.21,"5,957",16.45919947,27.80557977,Narrow,Flat
GSI 40 SERIES BINS,4022 AND 4032 SERIES,54,34,"184,404","90'10""","105'1""","216,414","5,196","4,683","4,157",27.69,32.02,"6,128",16.45919947,27.75108031,Narrow,Flat
GSI 40 SERIES BINS,4022 AND 4032 SERIES,54,35,"189,553","93'6""","107'9""","222,457","5,342","4,814","4,274",28.5,32.83,"6,299",16.45919947,27.75108031,Narrow,Flat
GSI 40 SERIES BINS,4022 AND 4032 SERIES,54,36,"194,703","96'2""","110'5""","228,500","5,487","4,945","4,390",29.31,33.65,"6,470",16.45919947,27.80557977,Narrow,Flat
GSI 40 SERIES BINS,4022 AND 4032 SERIES,54,37,"199,852","98'10""","113'1""","234,543","5,632","5,076","4,506",30.12,34.46,"6,642",16.45919947,27.80557977,Narrow,Flat
GSI 40 SERIES BINS,4022 AND 4032 SERIES,54,38,"205,001",101'6,"115'9""","240,586","5,777","5,207","4,622",30.93,35.27,"6,814",16.45919947,27.80557977,Narrow,Flat
GSI 40 SERIES BINS,4022 AND 4032 SERIES,54,39,"210,150","104'2""","118'5""","246,629","5,922","5,338","4,738",31.74,36.08,"6,986",16.45919947,27.80557977,Narrow,Flat
GSI 40 SERIES BINS,4022 AND 4032 SERIES,54,40,"215,299","106'10""","121'1""","252,672","6,067","5,469","4,854",32.55,36.9,"715,824",16.45919947,27.8600246,Narrow,Flat
GSI 40 SERIES BINS,4022 AND 4032 SERIES,60,12,"89,068","32'2""","48'2""","104,529","2,510","2,262","2,008",9.8,14.68,"2,960",18.28799941,28.08809608,Narrow,Flat
GSI 40 SERIES BINS,4022 AND 4032 SERIES,60,13,"95,425","34'10""","50'10""","111,990","2,689","2,424","2,151",10.62,15.49,"3,171",18.28799941,28.03930482,Narrow,Flat
GSI 40 SERIES BINS,4022 AND 4032 SERIES,60,14,"101,782","37'6""","53'6""","119,450","2,868","2,585","2,295",11.43,16.31,"3,382",18.28799941,28.08809608,Narrow,Flat
GSI 40 SERIES BINS,4022 AND 4032 SERIES,60,15,"108,139","40'2""","56'2""","126,910","3,047","2,746","2,438",12.24,17.12,"3,594",18.28799941,28.08809608,Narrow,Flat
GSI 40 SERIES BINS,4022 AND 4032 SERIES,60,16,"114,496","42'10""","58'10""","134,371","3,226","2,908","2,581",13.06,17.93,"3,805",18.28799941,28.03930482,Narrow,Flat
GSI 40 SERIES BINS,4022 AND 4032 SERIES,60,17,"120,853","45'6""","61'6""","141,831","3,406","3,069","2,725",13.87,18.74,"4,016",18.28799941,28.03930482,Narrow,Flat
GSI 40 SERIES BINS,4022 AND 4032 SERIES,60,18,"127,210","48'2""","64'2""","149,292","3,585","3,231","2,868",14.68,19.56,"4,227",18.28799941,28.08809608,Narrow,Flat
GSI 40 SERIES BINS,4022 AND 4032 SERIES,60,19,"133,567","50'10""","66'10""","156,752","3,764","3,392","3,011",15.49,20.37,"4,439",18.28799941,28.08809608,Narrow,Flat
GSI 40 SERIES BINS,4022 AND 4032 SERIES,60,20,"139,924","53'6""","69'6""","164,212","3,943","3,554","3,155",16.31,21.18,"4,650",18.28799941,28.03930482,Narrow,Flat
GSI 40 SERIES BINS,4022 AND 4032 SERIES,60,21,"146,281","56'2""","72'2""","171,673","4,122","3,715","3,298",17.12,21.99,"4,861",18.28799941,28.03930482,Narrow,Flat
GSI 40 SERIES BINS,4022 AND 4032 SERIES,60,22,"152,638","58'10""","74'10""","179,133","4,301","3,877","3,441",17.93,22.81,"5,072",18.28799941,28.08809608,Narrow,Flat
GSI 40 SERIES BINS,4022 AND 4032 SERIES,60,23,"158,994","61'6""","77'6""","186,593","4,480","4,038","3,585",18.75,23.62,"5,284",18.28799941,28.03930482,Narrow,Flat
GSI 40 SERIES BINS,4022 AND 4032 SERIES,60,24,"165,351","64'2""","80'2""","194,054","4,660","4,200","3,728",19.56,24.43,"5,495",18.28799941,28.03930482,Narrow,Flat
GSI 40 SERIES BINS,4022 AND 4032 SERIES,60,25,"171,708","66'10""","82'10""","201,514","4,839","4,361","3,871",20.37,25.25,"5,706",18.28799941,28.08809608,Narrow,Flat
GSI 40 SERIES BINS,4022 AND 4032 SERIES,60,26,"178,065","69'6""","85'6""","208,975","5,018","4,522","4,015",21.18,26.06,"5,918",18.28799941,28.08809608,Narrow,Flat
GSI 40 SERIES BINS,4022 AND 4032 SERIES,60,27,"184,422","72'2""","88'2""","216,435","5,197","4,684","4,158",22,26.87,"6,129",18.28799941,28.03930482,Narrow,Flat
GSI 40 SERIES BINS,4022 AND 4032 SERIES,60,28,"190,779","74'10""","90'10""","223,895","5,376","4,845","4,301",22.81,27.68,"6,340",18.28799941,28.03930482,Narrow,Flat
GSI 40 SERIES BINS,4022 AND 4032 SERIES,60,29,"197,136","77'6""","93'6""","231,356","5,555","5,007","4,445",23.62,28.5,"6,551",18.28799941,28.08809608,Narrow,Flat
GSI 40 SERIES BINS,4022 AND 4032 SERIES,60,30,"203,493","80'2""","96'2""","238,816","5,734","5,168","4,588",24.43,29.31,"6,763",18.28799941,28.08809608,Narrow,Flat
GSI 40 SERIES BINS,4022 AND 4032 SERIES,60,31,"209,850","82'10""","98'10""","246,277","5,913","5,330","4,731",25.25,30.12,"6,974",18.28799941,28.03930482,Narrow,Flat
GSI 40 SERIES BINS,4022 AND 4032 SERIES,60,32,"216,207","85'6""","101'6""","253,737","6,093","5,491","4,874",26.06,30.94,"7,185",18.28799941,28.08809608,Narrow,Flat
GSI 40 SERIES BINS,4022 AND 4032 SERIES,60,33,"222,564","88'2""","104'2""","261,197","6,272","5,653","5,048",26.87,31.75,"7,396",18.28799941,28.08809608,Narrow,Flat
GSI 40 SERIES BINS,4022 AND 4032 SERIES,60,34,"228,921","90'10""","106'10""","268,658","6,451","5,814","5,161",27.69,32.56,"7,608",18.28799941,28.03930482,Narrow,Flat
GSI 40 SERIES BINS,4022 AND 4032 SERIES,60,35,"235,277","93'6""","109'6""","276,118","6,630","5,976","5,304",28.5,33.37,"7,819",18.28799941,28.03930482,Narrow,Flat
GSI 40 SERIES BINS,4022 AND 4032 SERIES,60,36,"241,634","96'2""","112'2""","283,578","6,809","6,137","5,448",29.31,34.19,"8,030",18.28799941,28.08809608,Narrow,Flat
GSI 40 SERIES BINS,4022 AND 4032 SERIES,60,37,"247,991","98'10""","114'10""","291,039","6,988","6,298","5,591",30.12,35,"8,241",18.28799941,28.08809608,Narrow,Flat
GSI 40 SERIES BINS,4022 AND 4032 SERIES,60,38,"254,348",101'6,"117'6""","298,500","7,167","6,459","5,734",30.93,35.81,"8,452",18.28799941,28.08809608,Narrow,Flat
GSI 40 SERIES BINS,4022 AND 4032 SERIES,60,39,"260,705","104'2""","120'2""","305,961","7,346","6,620","5,877",31.74,36.63,"8,663",18.28799941,28.13684304,Narrow,Flat
GSI 40 SERIES BINS,4022 AND 4032 SERIES,60,40,"267,062","106'10""","122'10""","313,422","7,525","6,781","6,020",32.55,37.44,"8,874",18.28799941,28.13684304,Narrow,Flat
GSI 40 SERIES BINS,4022 AND 4032 SERIES,72,12,"131,890","32'2""","50'8""","154,784","3,717","3,350","2,973",9.8,15.43,"4,383",21.9455993,27.16176615,Narrow,Flat
GSI 40 SERIES BINS,4022 AND 4032 SERIES,72,13,"141,044","34'10""","53'4""","165,527","3,975","3,582","3,180",10.62,16.25,"4,687",21.9455993,27.16176615,Narrow,Flat
GSI 40 SERIES BINS,4022 AND 4032 SERIES,72,14,"150,197","37'5""","56'0""","176,269","4,233","3,815","3,386",11.43,17.06,"4,991",21.9455993,27.16176615,Narrow,Flat
GSI 40 SERIES BINS,4022 AND 4032 SERIES,72,15,"159,351","40'2""","58'8""","187,012","4,490","4,047","3,593",12.24,17.87,"5,296",21.9455993,27.16176615,Narrow,Flat
GSI 40 SERIES BINS,4022 AND 4032 SERIES,72,16,"168,505","42'10""","61'4""","197,755","4,748","4,280","3,799",13.06,18.69,"5,600",21.9455993,27.16176615,Narrow,Flat
GSI 40 SERIES BINS,4022 AND 4032 SERIES,72,17,"177,659","45'6""","64'0""","208,498","5,006","4,512","4,005",13.87,19.5,"5,904",21.9455993,27.16176615,Narrow,Flat
GSI 40 SERIES BINS,4022 AND 4032 SERIES,72,18,"186,813","48'2""","66'8""","219,241","5,264","4,745","4,212",14.68,20.31,"6,208",21.9455993,27.16176615,Narrow,Flat
GSI 40 SERIES BINS,4022 AND 4032 SERIES,72,19,"195,967","50'10""","69'4""","229,984","5,522","4,977","4,418",15.49,21.12,"6,512",21.9455993,27.16176615,Narrow,Flat
GSI 40 SERIES BINS,4022 AND 4032 SERIES,72,20,"205,121","53'6""","72'0""","240,727","5,780","5,210","4,625",16.31,21.94,"6,817",21.9455993,27.16176615,Narrow,Flat
GSI 40 SERIES BINS,4022 AND 4032 SERIES,72,21,"214,275","56'2""","74'8""","251,470","6,038","5,442","4,831",17.12,22.75,"7,121",21.9455993,27.16176615,Narrow,Flat
GSI 40 SERIES BINS,4022 AND 4032 SERIES,72,22,"223,429","58'10""","77'4""","262,213","6,296","5,675","5,037",17.93,23.56,"7,425",21.9455993,27.16176615,Narrow,Flat
GSI 40 SERIES BINS,4022 AND 4032 SERIES,72,23,"232,583","61'6""","80'0""","272,956","6,554","5,907","5,244",18.75,24.38,"7,729",21.9455993,27.16176615,Narrow,Flat
GSI 40 SERIES BINS,4022 AND 4032 SERIES,72,24,"241,737","64'2""","82'8""","283,699","6,812","6,140","5,450",19.56,25.19,"8,033",21.9455993,27.16176615,Narrow,Flat
GSI 40 SERIES BINS,4022 AND 4032 SERIES,72,25,"250,891","66'10""","85'4""","294,442","7,070","6,372","5,656",20.37,26,"8,338",21.9455993,27.16176615,Narrow,Flat
GSI 40 SERIES BINS,4022 AND 4032 SERIES,72,26,"260,045","69'6""","88'0""","305,185","7,328","6,605","5,863",21.18,26.81,"8,642",21.9455993,27.16176615,Narrow,Flat
GSI 40 SERIES BINS,4022 AND 4032 SERIES,72,27,"269,199","72'2""","90'8""","315,928","7,586","6,837","6,069",22,27.63,"8,946",21.9455993,27.16176615,Narrow,Flat
GSI 40 SERIES BINS,4022 AND 4032 SERIES,72,28,"278,353","74'10""","93'4""","326,671","7,844","7,070","6,276",22.81,28.44,"9,250",21.9455993,27.16176615,Narrow,Flat
GSI 40 SERIES BINS,4022 AND 4032 SERIES,72,29,"287,507","77'6""","96'0""","337,414","8,102","7,302","6,482",23.62,29.25,"9,554",21.9455993,27.16176615,Narrow,Flat
GSI 40 SERIES BINS,4022 AND 4032 SERIES,72,30,"296,661","80'2""","98'8""","348,157","8,360","7,535","6,688",24.43,30.07,"9,859",21.9455993,27.20308539,Narrow,Flat
GSI 40 SERIES BINS,4022 AND 4032 SERIES,72,31,"305,815","82'10""","101'4""","358,900","8,618","7,767","6,895",25.25,30.88,"10,163",21.9455993,27.16176615,Narrow,Flat
GSI 40 SERIES BINS,4022 AND 4032 SERIES,72,32,"314,969","85'6""","104'0""","369,643","8,876","7,999","7,101",26.06,31.69,"10,467",21.9455993,27.16176615,Narrow,Flat
GSI 40 SERIES BINS,4022 AND 4032 SERIES,72,33,"324,123","88'2""","106'8""","380,386","9,134","8,232","7,307",26.87,32.5,"10,771",21.9455993,27.16176615,Narrow,Flat
GSI 40 SERIES BINS,4022 AND 4032 SERIES,72,34,"333,277","90'10""","109'4""","391,128","9,392","8,464","7,514",27.69,33.32,"11,076",21.9455993,27.16176615,Narrow,Flat
GSI 40 SERIES BINS,4022 AND 4032 SERIES,72,35,"342,431","93'6""","112'0""","401,871","9,650","8,697","7,720",28.5,34.13,"11,380",21.9455993,27.16176615,Narrow,Flat
GSI 40 SERIES BINS,4022 AND 4032 SERIES,72,36,"351,585","96'2""","114'8""","412,614","9,908","8,929","7,927",29.31,34.94,"11,684",21.9455993,27.16176615,Narrow,Flat
GSI 40 SERIES BINS,4022 AND 4032 SERIES,72,37,"360,739","98'10""","117'4""","423,357","10,165","9,162","8,133",30.12,35.75,"11,988",21.9455993,27.16176615,Narrow,Flat
GSI 40 SERIES BINS,4022 AND 4032 SERIES,72,38,"369,893",101'6,"120'0""","434,100","10,422","9,395","8,339",30.93,36.57,"12,292",21.9455993,27.20308539,Narrow,Flat
GSI 40 SERIES BINS,4022 AND 4032 SERIES,72,39,"379,047","104'2""","122'8""","444,843","10,679","9,628","8,545",31.74,37.38,"12,596",21.9455993,27.20308539,Narrow,Flat
GSI 40 SERIES BINS,4022 AND 4032 SERIES,72,40,"388,201","106'10""","125'4""","455,586","10,936","9,861","8,751",32.55,38.19,"12,900",21.9455993,27.20308539,Narrow,Flat
GSI 40 SERIES BINS,4022 AND 4032 SERIES,75,12,"144,094","32'2""","51'6""","169,107","4,061","3,660","3,249",9.8,15.7,"4,789",22.85999927,27.30212664,Narrow,Flat
GSI 40 SERIES BINS,4022 AND 4032 SERIES,75,13,"154,027","34'10""","54'3""","180,764","4,340","3,912","3,473",10.62,16.52,"5,119",22.85999927,27.30212664,Narrow,Flat
GSI 40 SERIES BINS,4022 AND 4032 SERIES,75,14,"163,960","37'6""","56'11""","192,421","4,620","4,164","3,697",11.43,17.33,"5,449",22.85999927,27.30212664,Narrow,Flat
GSI 40 SERIES BINS,4022 AND 4032 SERIES,75,15,"173,892","40'2""","59'6""","204,077","4,900","4,416","3,920",12.24,18.14,"5,779",22.85999927,27.30212664,Narrow,Flat
GSI 40 SERIES BINS,4022 AND 4032 SERIES,75,16,"183,825","42'10""","62'3""","215,734","5,180","4,669","4,144",13.06,18.95,"6,109",22.85999927,27.26253131,Narrow,Flat
GSI 40 SERIES BINS,4022 AND 4032 SERIES,75,17,"193,758","45'6""","64'11""","227,391","5,460","4,921","4,368",13.87,19.77,"6,439",22.85999927,27.30212664,Narrow,Flat
GSI 40 SERIES BINS,4022 AND 4032 SERIES,75,18,"203,690","48'2""","67'6""","239,048","5,740","5,173","4,592",14.68,20.58,"6,769",22.85999927,27.30212664,Narrow,Flat
GSI 40 SERIES BINS,4022 AND 4032 SERIES,75,19,"213,623","50'10""","70'3""","250,705","6,020","5,426","4,816",15.49,21.39,"7,099",22.85999927,27.30212664,Narrow,Flat
GSI 40 SERIES BINS,4022 AND 4032 SERIES,75,20,"223,556","53'6""","72'11""","262,362","6,300","5,678","5,040",16.31,22.2,"7,429",22.85999927,27.26253131,Narrow,Flat
GSI 40 SERIES BINS,4022 AND 4032 SERIES,75,21,"233,488","56'2""","75'6""","274,019","6,580","5,930","5,264",17.12,23.02,"7,759",22.85999927,27.30212664,Narrow,Flat
GSI 40 SERIES BINS,4022 AND 4032 SERIES,75,22,"243,421","58'10""","78'3""","285,675","6,860","6,182","5,488",17.93,23.83,"8,089",22.85999927,27.30212664,Narrow,Flat
GSI 40 SERIES BINS,4022 AND 4032 SERIES,75,23,"253,354","61'6""","80'11""","297,332","7,139","6,435","5,712",18.75,24.64,"8,420",22.85999927,27.26253131,Narrow,Flat
GSI 40 SERIES BINS,4022 AND 4032 SERIES,75,24,"263,287","64'2""","83'6""","308,989","7,419","6,687","5,936",19.56,25.46,"8,750",22.85999927,27.30212664,Narrow,Flat
GSI 40 SERIES BINS,4022 AND 4032 SERIES,75,25,"273,219","66'10""","86'3""","320,646","7,699","6,939","6,160",20.37,26.27,"9,080",22.85999927,27.30212664,Narrow,Flat
GSI 40 SERIES BINS,4022 AND 4032 SERIES,75,26,"283,152","69'6""","88'11""","332,303","7,979","7,191","6,384",21.18,27.08,"9,410",22.85999927,27.30212664,Narrow,Flat
GSI 40 SERIES BINS,4022 AND 4032 SERIES,75,27,"293,085","72'2""","91'6""","343,960","8,259","7,444","6,608",22,27.89,"9,740",22.85999927,27.26253131,Narrow,Flat
GSI 40 SERIES BINS,4022 AND 4032 SERIES,75,28,"303,017","74'10""","94'3""","355,616","8,539","7,696","6,832",22.81,28.71,"10,070",22.85999927,27.30212664,Narrow,Flat
GSI 40 SERIES BINS,4022 AND 4032 SERIES,75,29,"312,950","77'6""","96'11""","367,273","8,819","7,948","7,056",23.62,29.52,"10,400",22.85999927,27.30212664,Narrow,Flat
GSI 40 SERIES BINS,4022 AND 4032 SERIES,75,30,"322,883","80'2""","99'6""","378,930","9,099","8,200","7,280",24.43,30.33,"10,730",22.85999927,27.30212664,Narrow,Flat
GSI 40 SERIES BINS,4022 AND 4032 SERIES,75,31,"332,815","82'10""","102'3""","390,587","9,379","8,453","7,503",25.25,31.15,"11,060",22.85999927,27.30212664,Narrow,Flat
GSI 40 SERIES BINS,4022 AND 4032 SERIES,75,32,"342,748","85'6""","104'11""","402,244","9,658","8,705","7,727",26.06,31.96,"11,390",22.85999927,27.30212664,Narrow,Flat
GSI 40 SERIES BINS,4022 AND 4032 SERIES,75,33,"352,681","88'2""","107'6""","413,901","9,938","8,957","7,951",26.87,32.77,"11,720",22.85999927,27.30212664,Narrow,Flat
GSI 40 SERIES BINS,4022 AND 4032 SERIES,75,34,"362,613","90'10""","110'3""","425,558","10,218","9,210","8,175",27.69,33.58,"12,050",22.85999927,27.26253131,Narrow,Flat
GSI 40 SERIES BINS,4022 AND 4032 SERIES,75,35,"372,546","93'6""","112'11""","437,214","10,498","9,462","8,399",28.5,34.4,"12,381",22.85999927,27.30212664,Narrow,Flat
GSI 40 SERIES BINS,4022 AND 4032 SERIES,75,36,"382,479","96'2""","115'6""","448,871","10,778","9,714","8,623",29.31,35.21,"12,711",22.85999927,27.30212664,Narrow,Flat
GSI 40 SERIES BINS,4022 AND 4032 SERIES,75,37,"392,411","98'10""","118'3""","460,528","11,058","9,966","8,847",30.12,36.02,"13,041",22.85999927,27.30212664,Narrow,Flat
GSI 40 SERIES BINS,4022 AND 4032 SERIES,75,38,"402,343",101'6,"120'11""","472,185","11,338","10,218","9,071",30.93,36.84,"13,371",22.85999927,27.34169375,Narrow,Flat
GSI 40 SERIES BINS,4022 AND 4032 SERIES,75,39,"412,275","104'2""","123'6""","483,842","11,618","10,470","9,295",31.74,37.65,"13,701",22.85999927,27.34169375,Narrow,Flat
GSI 40 SERIES BINS,4022 AND 4032 SERIES,75,40,"422,207","106'10""","126'3""","495,499","11,898","10,722","9,519",32.55,38.46,"14,031",22.85999927,27.34169375,Narrow,Flat
GSI 40 SERIES BINS,4022 AND 4032 SERIES,78,12,"156,918","32'2""","52'5""","184,156","4,422","3,985","3,538",9.8,15.97,"5,215",23.77439924,27.43137591,Narrow,Flat
GSI 40 SERIES BINS,4022 AND 4032 SERIES,78,13,"167,661","34'10""","55'1""","196,764","4,725","4,258","3,780",10.62,16.78,"5,572",23.77439924,27.39339275,Narrow,Flat
GSI 40 SERIES BINS,4022 AND 4032 SERIES,78,14,"178,404","37'6""","57'9""","209,372","5,027","4,531","4,022",11.43,17.59,"5,929",23.77439924,27.39339275,Narrow,Flat
GSI 40 SERIES BINS,4022 AND 4032 SERIES,78,15,"189,147","40'2""","60'5""","221,981","5,330","4,804","4,264",12.24,18.41,"6,286",23.77439924,27.43137591,Narrow,Flat
GSI 40 SERIES BINS,4022 AND 4032 SERIES,78,16,"199,891","42'10""","63'1""","234,589","5,633","5,077","4,507",13.06,19.22,"6,643",23.77439924,27.39339275,Narrow,Flat
GSI 40 SERIES BINS,4022 AND 4032 SERIES,78,17,"210,634","45'6""","65'9""","247,197","5,936","5,350","4,749",13.87,20.03,"7,000",23.77439924,27.39339275,Narrow,Flat
GSI 40 SERIES BINS,4022 AND 4032 SERIES,78,18,"221,377","48'2""","68'5""","259,805","6,238","5,622","4,991",14.68,20.84,"7,357",23.77439924,27.39339275,Narrow,Flat
GSI 40 SERIES BINS,4022 AND 4032 SERIES,78,19,"232,120","50'10""","71'1""","272,413","6,541","5,895","5,233",15.49,21.66,"7,714",23.77439924,27.43137591,Narrow,Flat
GSI 40 SERIES BINS,4022 AND 4032 SERIES,78,20,"242,863","53'6""","73'9""","285,021","6,844","6,168","5,475",16.31,22.47,"8,071",23.77439924,27.39339275,Narrow,Flat
GSI 40 SERIES BINS,4022 AND 4032 SERIES,78,21,"253,607","56'2""","76'5""","297,629","7,147","6,441","5,718",17.12,23.28,"8,428",23.77439924,27.39339275,Narrow,Flat
GSI 40 SERIES BINS,4022 AND 4032 SERIES,78,22,"264,350","58'10""","79'1""","310,237","7,449","6,714","5,960",17.93,24.1,"8,785",23.77439924,27.43137591,Narrow,Flat
GSI 40 SERIES BINS,4022 AND 4032 SERIES,78,23,"275,093","61'6""","81'9""","322,845","7,752","6,987","6,202",18.75,24.91,"9,142",23.77439924,27.39339275,Narrow,Flat
GSI 40 SERIES BINS,4022 AND 4032 SERIES,78,24,"285,836","64'2""","84'5""","335,453","8,055","7,260","6,444",19.56,25.72,"9,499",23.77439924,27.39339275,Narrow,Flat
GSI 40 SERIES BINS,4022 AND 4032 SERIES,78,25,"296,579","66'10""","87'1""","348,061","8,357","7,532","6,686",20.37,26.53,"9,856",23.77439924,27.39339275,Narrow,Flat
GSI 40 SERIES BINS,4022 AND 4032 SERIES,78,26,"307,322","69'6""","89'9""","360,669","8,660","7,805","6,929",21.18,27.35,"10,213",23.77439924,27.43137591,Narrow,Flat
GSI 40 SERIES BINS,4022 AND 4032 SERIES,78,27,"318,066","72'2""","92'5""","373,277","8,963","8,078","7,171",22,28.16,"10,570",23.77439924,27.39339275,Narrow,Flat
GSI 40 SERIES BINS,4022 AND 4032 SERIES,78,28,"328,809","74'10""","95'1""","385,885","9,266","8,351","7,413",22.81,28.97,"10,927",23.77439924,27.39339275,Narrow,Flat
GSI 40 SERIES BINS,4022 AND 4032 SERIES,78,29,"339,552","77'6""","97'9""","398,493","9,568","8,624","7,655",23.62,29.78,"11,284",23.77439924,27.39339275,Narrow,Flat
GSI 40 SERIES BINS,4022 AND 4032 SERIES,78,30,"350,295","80'2""","100'5""","411,101","9,871","8,897","7,898",24.43,30.6,"11,641",23.77439924,27.43137591,Narrow,Flat
GSI 40 SERIES BINS,4022 AND 4032 SERIES,78,31,"361,038","82'10""","103'1""","423,709","10,174","9,170","8,140",25.25,31.41,"11,998",23.77439924,27.39339275,Narrow,Flat
GSI 40 SERIES BINS,4022 AND 4032 SERIES,78,32,"371,782","85'6""","105'9""","436,317","10,477","9,442","8,382",26.06,32.22,"12,355",23.77439924,27.39339275,Narrow,Flat
GSI 40 SERIES BINS,4022 AND 4032 SERIES,78,33,"382,525","88'2""","108'5""","448,925","10,779","9,715","8,624",26.87,33.04,"12,712",23.77439924,27.43137591,Narrow,Flat
GSI 40 SERIES BINS,4022 AND 4032 SERIES,78,34,"393,268","90'10""","111'1""","461,533","11,082","9,988","8,866",27.69,33.85,"13,069",23.77439924,27.39339275,Narrow,Flat
GSI 40 SERIES BINS,4022 AND 4032 SERIES,78,35,"404,011","93'6""","113'9""","474,141","11,385","10,261","9,109",28.5,34.66,"13,426",23.77439924,27.39339275,Narrow,Flat
GSI 40 SERIES BINS,4022 AND 4032 SERIES,78,36,"414,754","96'2""","116'5""","486,749","11,688","10,534","9,351",29.31,35.47,"13,783",23.77439924,27.39339275,Narrow,Flat
GSI 40 SERIES BINS,4022 AND 4032 SERIES,78,37,"425,498","98'10""","119'1""","499,358","11,990","10,807","9,593",30.12,36.29,"14,140",23.77439924,27.43137591,Narrow,Flat
GSI 40 SERIES BINS,4022 AND 4032 SERIES,78,38,"436,242",101'6,"121'9""","511,967","12,292","11,080","9,835",30.93,37.1,"14,497",23.77439924,27.43137591,Narrow,Flat
GSI 40 SERIES BINS,4022 AND 4032 SERIES,78,39,"446,986","104'2""","124'5""","524,576","12,594","11,353","10,077",31.74,37.91,"14,854",23.77439924,27.43137591,Narrow,Flat
GSI 40 SERIES BINS,4022 AND 4032 SERIES,78,40,"457,730","106'10""","127'1""","537,185","12,896","11,626","10,319",32.55,38.73,"1,521,126",23.77439924,27.46933294,Narrow,Flat
GSI 40 SERIES BINS,4022 AND 4032 SERIES,90,12,"214,588","32'2""","56'0""","251,837","6,047","5,450","4,838",9.8,17.05,"7,131",27.43199912,27.8600246,Narrow,Flat
GSI 40 SERIES BINS,4022 AND 4032 SERIES,90,13,"228,891","34'10""","58'8""","268,623","6,450","5,813","5,160",10.62,17.87,"7,607",27.43199912,27.8600246,Narrow,Flat
GSI 40 SERIES BINS,4022 AND 4032 SERIES,90,14,"243,194","37'6""","61'4""","285,409","6,853","6,177","5,483",11.43,18.68,"8,082",27.43199912,27.8600246,Narrow,Flat
GSI 40 SERIES BINS,4022 AND 4032 SERIES,90,15,"257,497","40'2""","64'0""","302,195","7,256","6,540","5,805",12.24,19.49,"8,557",27.43199912,27.8600246,Narrow,Flat
GSI 40 SERIES BINS,4022 AND 4032 SERIES,90,16,"271,800","42'10""","66'8""","318,981","7,659","6,903","6,128",13.06,20.3,"9,033",27.43199912,27.82736426,Narrow,Flat
GSI 40 SERIES BINS,4022 AND 4032 SERIES,90,17,"286,103","45'6""","69'4""","335,766","8,062","7,266","6,450",13.87,21.12,"9,508",27.43199912,27.8600246,Narrow,Flat
GSI 40 SERIES BINS,4022 AND 4032 SERIES,90,18,"300,406","48'2""","72'0""","352,552","8,465","7,630","6,773",14.68,21.93,"9,983",27.43199912,27.8600246,Narrow,Flat
GSI 40 SERIES BINS,4022 AND 4032 SERIES,90,19,"314,709","50'10""","74'8""","369,338","8,868","7,993","7,095",15.49,22.74,"10,458",27.43199912,27.8600246,Narrow,Flat
GSI 40 SERIES BINS,4022 AND 4032 SERIES,90,20,"329,012","53'6""","77'4""","386,124","9,271","8,356","7,418",16.31,23.56,"10,934",27.43199912,27.8600246,Narrow,Flat
GSI 40 SERIES BINS,4022 AND 4032 SERIES,90,21,"343,316","56'2""","80'0""","402,910","9,674","8,719","7,740",17.12,24.37,"11,409",27.43199912,27.8600246,Narrow,Flat
GSI 40 SERIES BINS,4022 AND 4032 SERIES,90,22,"357,619","58'10""","82'8""","419,696","10,078","9,083","8,063",17.93,25.18,"11,884",27.43199912,27.8600246,Narrow,Flat
GSI 40 SERIES BINS,4022 AND 4032 SERIES,90,23,"371,922","61'6""","85'4""","436,482","10,481","9,446","8,385",18.75,25.99,"12,360",27.43199912,27.82736426,Narrow,Flat
GSI 40 SERIES BINS,4022 AND 4032 SERIES,90,24,"386,225","64'2""","88'0""","453,267","10,884","9,809","8,708",19.56,26.81,"12,835",27.43199912,27.8600246,Narrow,Flat
GSI 40 SERIES BINS,4022 AND 4032 SERIES,90,25,"400,528","66'10""","90'8""","470,053","11,287","10,173","9,030",20.37,27.62,"13,310",27.43199912,27.8600246,Narrow,Flat
GSI 40 SERIES BINS,4022 AND 4032 SERIES,90,26,"414,831","69'6""","93'4""","486,839","11,690","10,536","9,353",21.18,28.43,"13,786",27.43199912,27.8600246,Narrow,Flat
GSI 40 SERIES BINS,4022 AND 4032 SERIES,90,27,"429,134","72'2""","96'0""","503,625","12,093","10,899","9,675",22,29.25,"14,261",27.43199912,27.8600246,Narrow,Flat
GSI 40 SERIES BINS,4022 AND 4032 SERIES,90,28,"443,437","74'10""","98'8""","520,411","12,496","11,262","9,997",22.81,30.06,"14,736",27.43199912,27.8600246,Narrow,Flat
GSI 40 SERIES BINS,4022 AND 4032 SERIES,90,29,"457,740","77'6""","101'4""","537,197","12,899","11,626","10,320",23.62,30.87,"15,212",27.43199912,27.8600246,Narrow,Flat
GSI 40 SERIES BINS,4022 AND 4032 SERIES,90,30,"472,043","80'2""","104'0""","553,983","13,302","11,989","10,642",24.43,31.68,"15,687",27.43199912,27.8600246,Narrow,Flat
GSI 40 SERIES BINS,4022 AND 4032 SERIES,90,31,"486,346","82'10""","106'8""","570,768","13,705","12,352","10,965",25.25,32.5,"16,162",27.43199912,27.8600246,Narrow,Flat
GSI 40 SERIES BINS,4022 AND 4032 SERIES,90,32,"500,649","85'6""","109'4""","587,554","14,108","12,715","11,287",26.06,33.31,"16,638",27.43199912,27.8600246,Narrow,Flat
GSI 40 SERIES BINS,4022 AND 4032 SERIES,90,33,"514,952","88'2""","112'0""","604,340","14,511","13,079","11,610",26.87,34.12,"17,113",27.43199912,27.8600246,Narrow,Flat
GSI 40 SERIES BINS,4022 AND 4032 SERIES,90,34,"529,255","90'10""","114'8""","621,126","14,914","13,442","11,932",27.69,34.93,"17,588",27.43199912,27.82736426,Narrow,Flat
GSI 40 SERIES BINS,4022 AND 4032 SERIES,90,35,"543,558","93'6""","117'4""","637,912","15,317","13,805","12,255",28.5,35.75,"18,064",27.43199912,27.8600246,Narrow,Flat
GSI 40 SERIES BINS,4022 AND 4032 SERIES,90,36,"557,861","96'2""","120'0""","654,698","15,720","14,168","12,577",29.31,36.56,"18,539",27.43199912,27.8600246,Narrow,Flat
GSI 40 SERIES BINS,4022 AND 4032 SERIES,90,37,"572,165","98'10""","122'8""","671,484","16,123","14,532","12,900",30.12,37.37,"19,014",27.43199912,27.8600246,Narrow,Flat
GSI 40 SERIES BINS,4022 AND 4032 SERIES,90,38,"586,469","101'6""","125'4""","688,270","16,526","14,896","13,223",30.93,38.21,"19,489",27.43199912,27.95788761,Narrow,Flat
GSI 40 SERIES BINS,4022 AND 4032 SERIES,90,39,"600,773","104'2""","128'0""","705,056","16,929","15,260","13,546",31.74,39,"19,964",27.43199912,27.89266528,Narrow,Flat
GSI 40 SERIES BINS,4022 AND 4032 SERIES,90,40,"615,077","106'10""","130'8""","721,842","17,332","15,624","13,869",32.55,39.81,"20,439",27.43199912,27.89266528,Narrow,Flat
GSI 40 SERIES BINS,4022 AND 4032 SERIES,105,12,"301,731","32'2""","60'4""","354,107","8,503","7,663","6,803",9.8,18.38,"10,027",32.00399898,28.19945258,Narrow,Flat
GSI 40 SERIES BINS,4022 AND 4032 SERIES,105,13,"321,199","34'10""","63'0""","376,955","9,051","8,158","7,242",10.62,19.19,"10,674",32.00399898,28.17163516,Narrow,Flat
GSI 40 SERIES BINS,4022 AND 4032 SERIES,105,14,"340,667","37'6""","65'8""","399,802","9,600","8,652","7,680",11.43,20.01,"11,321",32.00399898,28.19945258,Narrow,Flat
GSI 40 SERIES BINS,4022 AND 4032 SERIES,105,15,"360,135","40'2""","68'4""","422,649","10,148","9,147","8,119",12.24,20.82,"11,968",32.00399898,28.19945258,Narrow,Flat
GSI 40 SERIES BINS,4022 AND 4032 SERIES,105,16,"379,603","42'10""","71'0""","445,497","10,697","9,641","8,558",13.06,21.63,"12,615",32.00399898,28.17163516,Narrow,Flat
GSI 40 SERIES BINS,4022 AND 4032 SERIES,105,17,"399,071","45'6""","73'8""","468,344","11,246","10,136","8,997",13.87,22.45,"13,262",32.00399898,28.19945258,Narrow,Flat
GSI 40 SERIES BINS,4022 AND 4032 SERIES,105,18,"418,540","48'2""","76'4""","491,192","11,794","10,630","9,436",14.68,23.26,"13,909",32.00399898,28.19945258,Narrow,Flat
GSI 40 SERIES BINS,4022 AND 4032 SERIES,105,19,"438,008","50'10""","79'0""","514,039","12,343","11,124","9,875",15.49,24.07,"14,556",32.00399898,28.19945258,Narrow,Flat
GSI 40 SERIES BINS,4022 AND 4032 SERIES,105,20,"457,476","53'6""","81'8""","536,886","12,891","11,619","10,314",16.31,24.88,"15,203",32.00399898,28.17163516,Narrow,Flat
GSI 40 SERIES BINS,4022 AND 4032 SERIES,105,21,"476,944","56'2""","84'4""","559,734","13,440","12,113","10,753",17.12,25.7,"15,850",32.00399898,28.19945258,Narrow,Flat
GSI 40 SERIES BINS,4022 AND 4032 SERIES,105,22,"496,412","58'10""","87'0""","582,581","13,989","12,608","11,192",17.93,26.51,"16,497",32.00399898,28.19945258,Narrow,Flat
GSI 40 SERIES BINS,4022 AND 4032 SERIES,105,23,"515,880","61'6""","89'8""","605,429","14,537","13,102","11,631",18.75,27.32,"17,144",32.00399898,28.17163516,Narrow,Flat
GSI 40 SERIES BINS,4022 AND 4032 SERIES,105,24,"535,348","64'2""","92'4""","628,276","15,086","13,597","12,070",19.56,28.13,"17,791",32.00399898,28.17163516,Narrow,Flat
GSI 40 SERIES BINS,4022 AND 4032 SERIES,105,25,"554,816","66'10""","95'0""","651,124","15,634","14,091","12,509",20.37,28.95,"18,438",32.00399898,28.19945258,Narrow,Flat
GSI 40 SERIES BINS,4022 AND 4032 SERIES,105,26,"574,284","69'6""","97'8""","673,971","16,183","14,586","12,947",21.18,29.76,"19,085",32.00399898,28.19945258,Narrow,Flat
GSI 40 SERIES BINS,4022 AND 4032 SERIES,105,27,"593,752","72'2""","100'4""","696,818","16,732","15,080","13,386",22,30.57,"19,732",32.00399898,28.17163516,Narrow,Flat
GSI 40 SERIES BINS,4022 AND 4032 SERIES,105,28,"613,220","74'10""","103'0""","719,666","17,280","15,574","13,825",22.81,31.39,"20,379",32.00399898,28.19945258,Narrow,Flat
GSI 40 SERIES BINS,4022 AND 4032 SERIES,105,29,"632,688","77'6""","105'8""","742,513","17,829","16,069","14,264",23.62,32.2,"21,026",32.00399898,28.19945258,Narrow,Flat
GSI 40 SERIES BINS,4022 AND 4032 SERIES,105,30,"652,156","80'2""","108'4""","765,361","18,377","16,563","14,703",24.43,33.01,"21,673",32.00399898,28.19945258,Narrow,Flat
GSI 40 SERIES BINS,4022 AND 4032 SERIES,105,31,"671,624","82'10""","111'0""","788,208","18,926","17,058","15,142",25.25,33.82,"22,320",32.00399898,28.17163516,Narrow,Flat
GSI 40 SERIES BINS,4022 AND 4032 SERIES,105,32,"691,092","85'6""","113'8""","811,056","19,475","17,552","15,581",26.06,34.64,"22,967",32.00399898,28.19945258,Narrow,Flat
GSI 40 SERIES BINS,4022 AND 4032 SERIES,105,33,"710,560","88'2""","116'4""","833,903","20,023","18,047","16,020",26.87,35.45,"23,614",32.00399898,28.19945258,Narrow,Flat
GSI 40 SERIES BINS,4022 AND 4032 SERIES,105,34,"730,028","90'10""","119'0""","856,750","20,572","18,541","16,459",27.69,36.26,"24,260",32.00399898,28.17163516,Narrow,Flat
GSI 40 SERIES BINS,4022 AND 4032 SERIES,105,35,"749,497","93'6""","121'8""","879,598","21,121","19,036","16,898",28.5,37.08,"24,907",32.00399898,28.19945258,Narrow,Flat
GSI 40 SERIES BINS,4022 AND 4032 SERIES,105,36,"768,965","96'2""","124'4""","902,445","21,669","19,530","17,337",29.31,37.89,"25,554",32.00399898,28.19945258,Narrow,Flat
GSI 40 SERIES BINS,4022 AND 4032 SERIES,105,37,"788,433","98'10""","127'0""","925,293","22,218","20,024","17,776",30.12,38.7,"26,201",32.00399898,28.19945258,Narrow,Flat
GSI 40 SERIES BINS,4022 AND 4032 SERIES,105,38,"807,901",101'6,"129'8""","948,141","22,767","20,518","18,215",30.93,39.51,"26,848",32.00399898,28.19945258,Narrow,Flat
GSI 40 SERIES BINS,4022 AND 4032 SERIES,105,39,"827,369","104'2""","132'4""","970,989","23,316","21,012","18,654",31.74,40.33,"27,495",32.00399898,28.22725552,Narrow,Flat
GSI 40 SERIES BINS,4022 AND 4032 SERIES,105,40,"846,837","106'10""","135'0""","993,837","23,865","21,506","19,093",32.55,41.14,"28,142",32.00399898,28.22725552,Narrow,Flat
GSI 40 SERIES BINS,4022 AND 4032 SERIES,135,19,"755,968","50'10""","86'9""","887,192","21,303","19,200","17,044",15.49,26.43,"25,122",41.14799868,28.00132543,Narrow,Flat
GSI 40 SERIES BINS,4022 AND 4032 SERIES,135,20,"788,150","53'6""","89'5""","924,961","22,210","20,017","17,769",16.31,27.25,"26,192",41.14799868,28.00132543,Narrow,Flat
GSI 40 SERIES BINS,4022 AND 4032 SERIES,135,21,"820,332","56'2""","92'1""","962,729","23,117","20,835","18,495",17.12,28.06,"27,261",41.14799868,28.00132543,Narrow,Flat
GSI 40 SERIES BINS,4022 AND 4032 SERIES,135,22,"852,513","58'10""","94'9""","1,000,497","24,023","21,652","19,220",17.93,28.87,"28,331",41.14799868,28.00132543,Narrow,Flat
GSI 40 SERIES BINS,4022 AND 4032 SERIES,135,23,"884,695","61'6""","97'5""","1,038,265","24,930","22,469","19,946",18.75,29.68,"29,400",41.14799868,27.97961089,Narrow,Flat
GSI 40 SERIES BINS,4022 AND 4032 SERIES,135,24,"916,877","64'2""","100'1""","1,076,033","25,837","23,287","20,671",19.56,30.5,"30,470",41.14799868,28.00132543,Narrow,Flat
GSI 40 SERIES BINS,4022 AND 4032 SERIES,135,25,"949,059","64'10""","102'9""","1,113,801","26,744","24,104","21,397",20.37,31.31,"31,539",41.14799868,28.00132543,Narrow,Flat
GSI 40 SERIES BINS,4022 AND 4032 SERIES,135,26,"981,241","69'6""","105'5""","1,151,570","27,651","24,921","22,122",21.18,32.12,"32,609",41.14799868,28.00132543,Narrow,Flat
GSI 40 SERIES BINS,4022 AND 4032 SERIES,135,27,"1,013,423","72'2""","108'1""","1,189,338","28,558","25,739","22,848",22,32.94,"33,678",41.14799868,28.00132543,Narrow,Flat
GSI 40 SERIES BINS,4022 AND 4032 SERIES,135,28,"1,045,605","74'10""","110'9""","1,227,106","29,465","26,556","23,574",22.81,33.75,"34,748",41.14799868,28.00132543,Narrow,Flat
GSI 40 SERIES BINS,4022 AND 4032 SERIES,135,29,"1,077,787","77'6""","113'5""","1,264,874","30,372","27,373","24,299",23.62,34.56,"35,817",41.14799868,28.00132543,Narrow,Flat
GSI 40 SERIES BINS,4022 AND 4032 SERIES,135,30,"1,109,969","80'2""","116'1""","1,302,642","31,278","28,191","25,025",24.43,35.37,"36,887",41.14799868,28.00132543,Narrow,Flat
GSI 40 SERIES BINS,4022 AND 4032 SERIES,135,31,"1,142,150","82'10""","118'9""","1,340,411","32,185","29,008","25,750",25.25,36.19,"37,956",41.14799868,28.00132543,Narrow,Flat
GSI 40 SERIES BINS,4022 AND 4032 SERIES,135,32,"1,174,332","85'6""","121'5""","1,378,179","33,092","29,825","26,476",26.06,37,"39,026",41.14799868,28.00132543,Narrow,Flat
GSI 40 SERIES BINS,4022 AND 4032 SERIES,135,33,"1,206,514","88'2""","124'1""","1,415,947","33,999","30,643","27,201",26.87,37.81,"40,095",41.14799868,28.00132543,Narrow,Flat
GSI 40 SERIES BINS,4022 AND 4032 SERIES,135,34,"1,238,696","90'10""","126'9""","1,453,715","34,906","31,460","27,927",27.69,38.63,"41,165",41.14799868,28.00132543,Narrow,Flat
